/*******************************************************************************
 * Size: 24 px
 * Bpp: 4
 * Opts: --font Prompt-Regular.ttf -r 0x20-0x7E,0xE01-0xE5B --size 24 --bpp 4 --format lvgl --lv-include lvgl.h --output frontend/src/ui/fonts/lv_font_prompt_24.c --lv-font-name lv_font_prompt_24
 ******************************************************************************/

#ifdef LV_LVGL_H_INCLUDE_SIMPLE
#include "lvgl.h"
#else
#include "lvgl.h"
#endif

#ifndef LV_FONT_PROMPT_24
#define LV_FONT_PROMPT_24 1
#endif

#if LV_FONT_PROMPT_24

/*-----------------
 *    BITMAPS
 *----------------*/

/*Store the image of the glyphs*/
static LV_ATTRIBUTE_LARGE_CONST const uint8_t glyph_bitmap[] = {
    /* U+0020 " " */

    /* U+0021 "!" */
    0xaf, 0xb0, 0xf, 0xfe, 0xad, 0xf5, 0x8, 0xcd,
    0x8d, 0x7, 0xc, 0xc,

    /* U+0022 "\"" */
    0xef, 0x20, 0xff, 0x0, 0x7f, 0xf2, 0xa5, 0xcc,
    0x1d, 0xc0,

    /* U+0023 "#" */
    0x0, 0xe2, 0xff, 0x0, 0x77, 0x79, 0x80, 0x79,
    0x1, 0x0, 0x31, 0x88, 0x18, 0x7, 0xb0, 0x30,
    0x3, 0x20, 0x20, 0x7, 0xc8, 0x8, 0x1, 0xb0,
    0x30, 0x3, 0xc6, 0x20, 0x60, 0x19, 0x1, 0x0,
    0x2f, 0xfb, 0x0, 0x1f, 0xfc, 0x0, 0xcf, 0x30,
    0x10, 0xf, 0xfe, 0x27, 0x7f, 0x80, 0x1b, 0xff,
    0x8c, 0x27, 0xfc, 0x60, 0x12, 0x81, 0x10, 0x2,
    0x13, 0x7, 0x0, 0xf7, 0x82, 0x80, 0x67, 0x3,
    0x10, 0xf, 0x20, 0x58, 0x6, 0xd0, 0xb0, 0xd,
    0xdf, 0xe1, 0xc, 0xff, 0xc8, 0x11, 0xfe, 0x40,
    0x30, 0xf, 0xfe, 0x13, 0x86, 0xf9, 0x84, 0xff,
    0xe7, 0x5, 0xff, 0x8c, 0x0, 0x26, 0xe, 0x1,
    0x94, 0x3c, 0x3, 0xc8, 0x4, 0x20, 0x10, 0x90,
    0x20, 0x7, 0xbc, 0x14, 0x3, 0x38, 0x18, 0x80,
    0x70,

    /* U+0024 "$" */
    0x0, 0xc7, 0xfc, 0x1, 0xff, 0xc8, 0x59, 0x1,
    0xa7, 0x20, 0x8, 0xf6, 0x94, 0x0, 0xb1, 0xb0,
    0x5, 0x84, 0x4, 0x0, 0x64, 0x1, 0xb, 0x0,
    0x57, 0x0, 0xcd, 0xfd, 0x82, 0x81, 0x28, 0x7,
    0x88, 0x1c, 0xc, 0x3, 0xfb, 0x0, 0x5c, 0x3,
    0xf3, 0x90, 0x47, 0x0, 0x7e, 0xc3, 0x2, 0x1,
    0x50, 0xe, 0x1c, 0xa2, 0x0, 0x56, 0xa0, 0x7,
    0x2f, 0x0, 0x45, 0x6c, 0x1, 0xf0, 0xe0, 0x84,
    0x80, 0x7e, 0x38, 0x0, 0x20, 0x7, 0xe5, 0x0,
    0x8, 0x7, 0xe4, 0x0, 0x36, 0xca, 0x93, 0x80,
    0x22, 0x0, 0x46, 0x66, 0xad, 0xb0, 0x17, 0x1,
    0xe0, 0xd7, 0x31, 0x0, 0x8e, 0x3c, 0xc0, 0xe3,
    0x3b, 0x0, 0x71, 0xc4, 0x3, 0xff, 0x84,

    /* U+0025 "%" */
    0x0, 0x46, 0xff, 0x40, 0x80, 0x62, 0xff, 0x18,
    0x7, 0x63, 0x90, 0x89, 0xf0, 0x40, 0x29, 0x5,
    0x30, 0xc, 0xe6, 0x9d, 0xd2, 0x94, 0x0, 0x11,
    0x1, 0x0, 0x1d, 0x61, 0x42, 0x3, 0x40, 0xe0,
    0x8, 0x6, 0x20, 0xf, 0xfe, 0x1a, 0x98, 0x40,
    0x7, 0x90, 0x2c, 0x2, 0x90, 0x70, 0x80, 0x81,
    0x0, 0xf4, 0x1a, 0xfe, 0xfb, 0x14, 0x39, 0xb,
    0x80, 0x7e, 0xc7, 0x22, 0xb, 0xe0, 0xc8, 0x40,
    0x7, 0xfa, 0x37, 0xfa, 0x6, 0x4, 0x98, 0xeb,
    0x71, 0xc0, 0x3f, 0xc2, 0xe1, 0x2d, 0x8a, 0x47,
    0x1a, 0x20, 0x1f, 0xac, 0xd, 0xa4, 0x2b, 0xf5,
    0xa, 0x0, 0x3e, 0x25, 0xf, 0x50, 0x85, 0x2,
    0xb1, 0x60, 0xf, 0xa4, 0x14, 0xf8, 0x10, 0x3,
    0x28, 0x8, 0x7, 0x22, 0x2, 0x0, 0x41, 0x80,
    0x32, 0x80, 0x80, 0x74, 0x3, 0x10, 0x50, 0x59,
    0x0, 0x24, 0x54, 0x3, 0x94, 0xc2, 0x0, 0x4,
    0xe3, 0xba, 0xf6, 0x1b, 0x0, 0xe8, 0x8, 0x10,
    0xa, 0x28, 0xc8, 0x5b, 0xc4, 0x0,

    /* U+0026 "&" */
    0x0, 0x9b, 0x3f, 0xd8, 0xa0, 0x1f, 0xea, 0x93,
    0x11, 0x1d, 0x38, 0x7, 0xe3, 0x50, 0x9e, 0xe4,
    0x84, 0x8, 0x7, 0xca, 0x4, 0xc0, 0x6, 0x20,
    0x40, 0xf, 0x8c, 0x3, 0xc6, 0x2, 0x1, 0xf2,
    0x81, 0x30, 0x1, 0xc4, 0x48, 0x1, 0xfa, 0x82,
    0x5a, 0xa0, 0x34, 0x3, 0xf9, 0x60, 0x25, 0x4b,
    0x4c, 0x3, 0xf9, 0xa0, 0x2, 0x62, 0x0, 0x92,
    0x98, 0x2, 0x99, 0x3, 0xe1, 0x26, 0x8, 0x3,
    0x17, 0xc0, 0xa, 0xc1, 0x70, 0x78, 0x47, 0x82,
    0x4, 0x2, 0x0, 0xe0, 0x54, 0x0, 0xe, 0x19,
    0x79, 0x20, 0x60, 0x1, 0x43, 0x40, 0x30, 0xe2,
    0xe, 0x88, 0x90, 0x0, 0x41, 0xa0, 0x1e, 0xb3,
    0x0, 0x30, 0x5, 0x60, 0xb0, 0x20, 0x11, 0x51,
    0x80, 0x1c, 0xc0, 0xe, 0xa0, 0xfd, 0xcd, 0xed,
    0x50, 0xa6, 0xc, 0x30, 0x5, 0x5a, 0x90, 0x90,
    0x24, 0x72, 0xca, 0x6, 0x90,

    /* U+0027 "'" */
    0xef, 0x20, 0xf, 0xe9, 0x73,

    /* U+0028 "(" */
    0x0, 0xaf, 0xf4, 0x2, 0x64, 0xe, 0x0, 0xa0,
    0x18, 0xc0, 0xc, 0x21, 0x60, 0x15, 0x82, 0x90,
    0x0, 0x88, 0x1e, 0x1, 0x20, 0x1, 0x0, 0x2c,
    0x2, 0x10, 0x9, 0x81, 0x80, 0x30, 0x80, 0x80,
    0x63, 0x3, 0x0, 0xc6, 0x1, 0xe1, 0x3, 0x0,
    0xce, 0xc, 0x1, 0x8c, 0xc, 0x3, 0x60, 0x0,
    0xc0, 0x25, 0x0, 0x20, 0x4, 0x2a, 0x12, 0x1,
    0xa4, 0x5, 0x40, 0x23, 0x40, 0x80, 0xd, 0x42,
    0x50, 0x1, 0xd, 0x3f, 0x80,

    /* U+0029 ")" */
    0xe, 0xf9, 0x0, 0xd4, 0xc, 0x80, 0x12, 0x28,
    0x50, 0x6, 0x90, 0x15, 0x0, 0x8c, 0xc1, 0x20,
    0x1a, 0x80, 0xc4, 0x2, 0x40, 0x2, 0x0, 0x44,
    0x21, 0xa0, 0x18, 0x80, 0x80, 0x33, 0x80, 0x80,
    0x61, 0x6, 0x0, 0xf0, 0x80, 0x66, 0x7, 0x0,
    0xc2, 0x2, 0x1, 0x88, 0x34, 0x2, 0x40, 0x2,
    0x0, 0x5a, 0x2, 0x60, 0x13, 0x83, 0x0, 0x4c,
    0x21, 0x40, 0x1, 0x80, 0x62, 0x0, 0x40, 0x8a,
    0x40, 0x2e, 0x7d, 0x0, 0x80,

    /* U+002A "*" */
    0x0, 0xab, 0xc4, 0x2, 0x21, 0x0, 0xe3, 0x9,
    0xea, 0x60, 0x8e, 0xc2, 0x97, 0x43, 0x6, 0x4a,
    0x22, 0x45, 0x0, 0xe, 0x94, 0x0, 0x34, 0x4e,
    0x6e, 0x1, 0x58, 0xf4, 0x24, 0x10, 0x2, 0x24,
    0xc2, 0xa8, 0x40,

    /* U+002B "+" */
    0x0, 0xe, 0x50, 0x7, 0x8d, 0x0, 0x3f, 0xee,
    0xfe, 0x1, 0xff, 0x58, 0x7, 0xee, 0xfe, 0x1,
    0xff, 0x58, 0x7, 0xff, 0x10,

    /* U+002C "," */
    0x2, 0xde, 0x50, 0xa2, 0x5, 0x6, 0x9, 0x5,
    0x11, 0x38, 0x70, 0x30, 0x0,

    /* U+002D "-" */
    0x0, 0xfd, 0xdf, 0xfe, 0xb0, 0xf, 0xc0,

    /* U+002E "." */
    0x13, 0xd, 0xc3, 0x61, 0x10,

    /* U+002F "/" */
    0x0, 0xf2, 0x7f, 0x88, 0x3, 0xdc, 0x6, 0x40,
    0x1c, 0x2a, 0x12, 0x1, 0xe6, 0x1, 0x50, 0xf,
    0x48, 0x30, 0x7, 0x90, 0x42, 0x80, 0x3d, 0xe0,
    0x64, 0x1, 0xc2, 0x81, 0x20, 0x1e, 0x90, 0x15,
    0x0, 0xf3, 0x3, 0x0, 0x79, 0x4, 0x28, 0x3,
    0xde, 0x8, 0x40, 0x1c, 0x28, 0x1c, 0x1, 0xe9,
    0x1, 0x50, 0xf, 0x30, 0x30, 0x7, 0x94, 0x42,
    0x80, 0x3d, 0xc0, 0x84, 0x1, 0xe0,

    /* U+0030 "0" */
    0x0, 0x86, 0x37, 0xfd, 0xb2, 0x40, 0x1e, 0x4e,
    0x72, 0x0, 0x13, 0x6a, 0x80, 0x63, 0xb0, 0x3,
    0xdd, 0xa0, 0x42, 0x94, 0x2, 0xf0, 0x1d, 0x84,
    0x43, 0xf9, 0x5, 0x80, 0x10, 0xc2, 0x8, 0x3,
    0xc, 0x80, 0xb0, 0x60, 0xb, 0x0, 0x79, 0x8,
    0x30, 0x10, 0x14, 0x3, 0xf2, 0x2, 0x0, 0x81,
    0x80, 0x7e, 0xf0, 0x10, 0x30, 0xf, 0xfe, 0x11,
    0x80, 0x7f, 0xf0, 0x98, 0x8, 0x3, 0xf7, 0x81,
    0x1, 0x82, 0x0, 0x7e, 0x50, 0x70, 0xb0, 0x15,
    0x0, 0xf1, 0x98, 0x3c, 0xc, 0xc1, 0x64, 0x1,
    0x87, 0x80, 0x54, 0x1, 0xe0, 0x38, 0xe6, 0x66,
    0xf2, 0xb, 0x0, 0x8e, 0xc0, 0x63, 0x31, 0x22,
    0x14, 0xa0, 0x19, 0x39, 0xc8, 0x0, 0x4d, 0xaa,
    0x1, 0x0,

    /* U+0031 "1" */
    0x0, 0xa7, 0xfc, 0x40, 0x58, 0xc0, 0x12, 0xe9,
    0x88, 0x5, 0x60, 0xf6, 0x1, 0x1d, 0xc0, 0x80,
    0x58, 0x80, 0x1c, 0x20, 0x1f, 0xff, 0xf0,

    /* U+0032 "2" */
    0x0, 0x35, 0xf7, 0xfb, 0x1c, 0x2, 0x1e, 0x94,
    0x10, 0x1, 0xc6, 0x88, 0x18, 0x93, 0xd5, 0xc9,
    0x81, 0x58, 0x1c, 0xec, 0x2a, 0x36, 0x20, 0x28,
    0xb, 0x0, 0x7b, 0x80, 0x4, 0x1, 0xf8, 0x40,
    0x3f, 0xe3, 0x0, 0x10, 0x7, 0xe9, 0x6, 0x0,
    0xfd, 0x42, 0x28, 0x0, 0xfa, 0x94, 0x34, 0x40,
    0x3d, 0x6a, 0x16, 0x60, 0x1e, 0xc4, 0xb, 0x40,
    0xe, 0x1c, 0x30, 0xb4, 0x0, 0xe1, 0xc3, 0xc,
    0x40, 0xe, 0x2c, 0x20, 0xb2, 0x11, 0xe0, 0xf2,
    0x0, 0x5f, 0x77, 0xb4, 0xc0, 0x3f, 0xe0,

    /* U+0033 "3" */
    0x3, 0x9c, 0xff, 0xb1, 0xc4, 0x0, 0xd8, 0xc6,
    0x1, 0x1c, 0x79, 0x0, 0xad, 0x77, 0xfb, 0xa0,
    0x7, 0x81, 0xe9, 0x44, 0x0, 0x2e, 0xe0, 0x31,
    0x0, 0xfd, 0xa0, 0x3, 0x0, 0xfd, 0x80, 0x2,
    0x0, 0xf1, 0xcb, 0x4, 0x80, 0x47, 0xff, 0x63,
    0x15, 0x30, 0x7, 0xf1, 0xe8, 0x6, 0x3f, 0xfb,
    0x64, 0x1f, 0x0, 0x3e, 0x26, 0xc0, 0x36, 0x0,
    0xfc, 0x44, 0xc, 0x0, 0xff, 0xe4, 0x19, 0x6,
    0xdb, 0x90, 0x4, 0x2d, 0xa0, 0x6, 0x58, 0xdf,
    0xfb, 0xa4, 0x42, 0xc7, 0x58, 0xc8, 0x0, 0x26,
    0xfc, 0x80,

    /* U+0034 "4" */
    0x0, 0xfd, 0x5f, 0xe3, 0x0, 0xfe, 0x55, 0x0,
    0x7f, 0xc3, 0x60, 0x1f, 0xfc, 0xd, 0x14, 0x0,
    0xff, 0x39, 0x8d, 0x0, 0x7f, 0x1c, 0x5, 0x8,
    0x7, 0xf7, 0x3, 0xa0, 0x7, 0xf5, 0x11, 0x20,
    0x3, 0xf9, 0x54, 0x1e, 0x1, 0xfc, 0x54, 0x12,
    0x40, 0x1f, 0xdc, 0x8, 0xc0, 0x1f, 0xca, 0x60,
    0x9f, 0xfc, 0x0, 0xcf, 0xd3, 0x0, 0xff, 0xe0,
    0xb, 0x7f, 0xfd, 0x80, 0xc, 0xfc, 0x0, 0xff,
    0xef, 0x0,

    /* U+0035 "5" */
    0xf, 0xff, 0xe6, 0x1, 0x0, 0xff, 0x8c, 0x1,
    0x7d, 0xde, 0x60, 0x60, 0x3, 0x8, 0xf8, 0x0,
    0x20, 0x2, 0x0, 0xfc, 0x60, 0x1f, 0xf0, 0x80,
    0x33, 0xbf, 0xdb, 0x2, 0x0, 0xe0, 0x1, 0x88,
    0x0, 0x9f, 0xc8, 0x22, 0x17, 0xdf, 0xed, 0x80,
    0x1f, 0x1, 0x74, 0x10, 0x1, 0x3c, 0x81, 0x20,
    0x7, 0xe6, 0x0, 0x60, 0x7, 0xf0, 0x80, 0x80,
    0x7f, 0x8, 0x70, 0x7, 0xe7, 0x0, 0x26, 0xca,
    0x8, 0x0, 0xe6, 0x0, 0xce, 0x6b, 0xef, 0xf6,
    0x30, 0x1e, 0x86, 0x39, 0x88, 0x0, 0x56, 0xb0,
    0x40,

    /* U+0036 "6" */
    0x0, 0xc9, 0x3b, 0xfe, 0xd4, 0x0, 0xea, 0xb6,
    0x20, 0x1, 0x10, 0x3, 0x5a, 0x83, 0x67, 0x7e,
    0xb8, 0x4, 0xe8, 0x17, 0x26, 0x20, 0x42, 0x1,
    0x48, 0x3a, 0x0, 0x7e, 0x51, 0x9, 0x0, 0xfe,
    0xd0, 0x31, 0x7c, 0xff, 0x6b, 0x80, 0x46, 0x0,
    0xe8, 0x30, 0x1, 0x46, 0x88, 0x30, 0x18, 0xcf,
    0xfb, 0x9c, 0xb, 0x40, 0xc0, 0x16, 0xc0, 0x1,
    0x88, 0x1, 0x98, 0x0, 0x48, 0x1, 0xce, 0x0,
    0x52, 0x6, 0x0, 0xf8, 0x40, 0x54, 0x18, 0x3,
    0xe1, 0x1, 0xa0, 0x24, 0x0, 0xe7, 0x0, 0x21,
    0xb0, 0x5b, 0x0, 0x6, 0x20, 0xc, 0x41, 0x2a,
    0x13, 0xfe, 0xe7, 0x4, 0x90, 0xa, 0xa8, 0x82,
    0x2, 0x95, 0x60, 0x0,

    /* U+0037 "7" */
    0x2f, 0xff, 0xf8, 0xc0, 0x3f, 0xf8, 0x25, 0xdd,
    0xf9, 0xc0, 0x4c, 0x4, 0x7f, 0x28, 0x48, 0x7,
    0xf2, 0x90, 0x30, 0x7, 0xf4, 0x83, 0x8, 0x7,
    0xe3, 0x30, 0x58, 0x7, 0xf4, 0x82, 0x10, 0x7,
    0xe2, 0x50, 0xf0, 0xf, 0xea, 0x2, 0x40, 0xf,
    0xe7, 0xb, 0x0, 0xfe, 0x70, 0x16, 0x0, 0xfe,
    0x90, 0x90, 0xf, 0xe5, 0x10, 0x60, 0xf, 0xe9,
    0x6, 0x10, 0xf, 0xc6, 0x60, 0xb0, 0xf, 0xe9,
    0x4, 0x20, 0xf, 0x0,

    /* U+0038 "8" */
    0x0, 0xc, 0x6f, 0xfb, 0xa9, 0x0, 0x31, 0xf3,
    0x90, 0x8, 0x96, 0xe4, 0x2, 0xd0, 0x1b, 0xfe,
    0xe2, 0x83, 0x28, 0x20, 0x85, 0x20, 0x0, 0x68,
    0x83, 0xc0, 0x32, 0x80, 0x73, 0x80, 0x82, 0x80,
    0x10, 0x3, 0x9c, 0xc, 0x5, 0xc2, 0xd8, 0x40,
    0xec, 0x89, 0x20, 0x8, 0x91, 0x9e, 0xfc, 0x44,
    0x60, 0x80, 0x12, 0x0, 0x55, 0x8c, 0x12, 0xc0,
    0x7, 0x62, 0xfd, 0x53, 0x98, 0x15, 0x90, 0x90,
    0x38, 0x0, 0xc7, 0x60, 0xc2, 0xe0, 0x80, 0x1e,
    0x40, 0x2, 0x98, 0x8, 0x7, 0x88, 0x0, 0x2a,
    0xe, 0x1, 0xeb, 0x0, 0x3f, 0x80, 0xd9, 0x0,
    0x4e, 0xe0, 0x42, 0x48, 0x4, 0xde, 0xdf, 0x80,
    0x3a, 0x0, 0x3e, 0xb1, 0x9, 0xa, 0x4e, 0x8,
    0x0,

    /* U+0039 "9" */
    0x0, 0xb, 0xe7, 0x7e, 0xc9, 0x0, 0x63, 0xf8,
    0x31, 0x2, 0x6d, 0x60, 0x0, 0xe8, 0x8a, 0xbf,
    0xda, 0xa1, 0x28, 0x12, 0x21, 0xea, 0x0, 0x2a,
    0x40, 0x90, 0x40, 0x51, 0x0, 0xe8, 0x2, 0x28,
    0x8, 0x3, 0xc4, 0x0, 0x43, 0x2, 0x0, 0xf1,
    0x0, 0x5, 0x1, 0x48, 0x3, 0xa0, 0x1, 0xf6,
    0x0, 0xc5, 0x10, 0x3b, 0x40, 0x7, 0x95, 0x0,
    0xd7, 0x7e, 0x22, 0x80, 0x8, 0x17, 0x58, 0x84,
    0x96, 0xe0, 0x0, 0xe0, 0x2, 0x9d, 0xed, 0xa4,
    0x40, 0x9, 0x0, 0x7f, 0x58, 0x30, 0x7, 0xf4,
    0x90, 0x48, 0x4, 0x40, 0x1, 0x5c, 0x60, 0x91,
    0x0, 0xbb, 0xfd, 0xd4, 0x61, 0x2c, 0x1, 0x94,
    0x40, 0x4d, 0xf9, 0x80, 0x20,

    /* U+003A ":" */
    0x8f, 0x55, 0x7, 0xca, 0xc2, 0x51, 0x0, 0x7f,
    0xf0, 0xd2, 0x8a, 0x56, 0x14, 0x3c,

    /* U+003B ";" */
    0x0, 0x67, 0x10, 0x9, 0x8a, 0x0, 0xc3, 0x30,
    0x0, 0xf2, 0x1, 0xff, 0xd4, 0x2d, 0xe5, 0xa,
    0x20, 0x50, 0x60, 0x90, 0x51, 0x13, 0x87, 0x3,
    0x0, 0x0,

    /* U+003C "<" */
    0x0, 0xff, 0xe4, 0x36, 0x80, 0x7c, 0xdd, 0x24,
    0x1, 0xcd, 0xd2, 0x20, 0xe0, 0x13, 0x74, 0x88,
    0x3f, 0x40, 0x3f, 0x48, 0x89, 0xfa, 0x4, 0x36,
    0x4, 0x51, 0xd0, 0x20, 0x11, 0x80, 0x11, 0x40,
    0x3d, 0x46, 0xb, 0xb4, 0x40, 0x19, 0x32, 0xd0,
    0x17, 0x68, 0xc0, 0x32, 0x5e, 0x20, 0x2e, 0x59,
    0x80, 0x63, 0xbc, 0x40, 0x4c, 0x0, 0xf1, 0xde,
    0x20, 0x7, 0xf1, 0xde, 0x0,

    /* U+003D "=" */
    0xef, 0xff, 0xe8, 0x0, 0xff, 0xbb, 0xff, 0xfa,
    0x0, 0x3f, 0xf9, 0x5d, 0xff, 0xfc, 0xe0, 0x1f,
    0xef,

    /* U+003E ">" */
    0x0, 0xff, 0xb5, 0x80, 0x3f, 0x8e, 0x79, 0xc0,
    0x3e, 0x60, 0x18, 0xe7, 0x0, 0xe8, 0xe7, 0x1,
    0x8e, 0x70, 0xc, 0x31, 0xf0, 0x22, 0x8e, 0x70,
    0xe, 0x7e, 0x81, 0x14, 0x70, 0x7, 0x95, 0x0,
    0x2, 0x1, 0x8a, 0xb5, 0x40, 0xec, 0x0, 0x55,
    0xaa, 0x7, 0x78, 0x87, 0x7a, 0xa0, 0x77, 0x88,
    0x0, 0xd4, 0x3, 0xbc, 0x40, 0xe, 0x4b, 0xc4,
    0x0, 0xf6, 0xda, 0x0, 0x7e,

    /* U+003F "?" */
    0x38, 0xce, 0xfe, 0xc7, 0x10, 0x6, 0xb9, 0x88,
    0x9, 0xc7, 0x98, 0x13, 0xde, 0xf6, 0xc0, 0xf,
    0x6, 0x42, 0x10, 0x93, 0xd0, 0x11, 0x80, 0x7c,
    0xe0, 0x1f, 0xea, 0x0, 0x10, 0x7, 0x9d, 0xc1,
    0x22, 0x1, 0x86, 0xe0, 0x25, 0x80, 0x30, 0xe2,
    0x16, 0x30, 0x7, 0x41, 0xe, 0x18, 0x7, 0x9c,
    0x24, 0x40, 0x3f, 0x88, 0x3, 0xf7, 0x7a, 0x80,
    0x7f, 0xf1, 0xeb, 0x8, 0x3, 0xe3, 0x53, 0xa0,
    0xf, 0x8c, 0xc3, 0x60, 0x1c,

    /* U+0040 "@" */
    0x0, 0xf2, 0xd6, 0xff, 0xbb, 0x69, 0x80, 0x3f,
    0x97, 0xa9, 0x48, 0x4, 0x44, 0xb3, 0xec, 0x1,
    0xe9, 0xa1, 0x39, 0xef, 0xef, 0xeb, 0x50, 0x99,
    0x0, 0x69, 0x60, 0x8c, 0x61, 0x0, 0x85, 0x2a,
    0xc1, 0x98, 0x0, 0x56, 0xa, 0x70, 0xf, 0xe4,
    0x90, 0x80, 0x4, 0x3, 0x28, 0x0, 0xa7, 0x7f,
    0xb1, 0xc4, 0x18, 0x44, 0xa8, 0x41, 0x0, 0x4,
    0xd6, 0x22, 0x1, 0xc1, 0x0, 0x10, 0x33, 0x41,
    0x44, 0x6, 0x81, 0xbf, 0x79, 0x0, 0x40, 0x4,
    0x4, 0xa1, 0xa0, 0x6, 0x12, 0x90, 0x9, 0xc0,
    0xc0, 0x1e, 0x0, 0x20, 0x20, 0x6, 0x2, 0x80,
    0x61, 0x1, 0x0, 0x78, 0x6, 0x10, 0x3, 0x87,
    0x0, 0x63, 0x0, 0xc4, 0x6, 0x60, 0x10, 0x3,
    0x87, 0x0, 0x44, 0x20, 0x19, 0xc3, 0x18, 0x34,
    0x1, 0x80, 0xc8, 0x7, 0xc0, 0x6, 0x7, 0x22,
    0x26, 0x2, 0x80, 0x1c, 0xc6, 0xff, 0xe, 0x4a,
    0x7e, 0x3, 0x81, 0x80, 0x9c, 0x1, 0x92, 0xa8,
    0xd8, 0xd8, 0xe8, 0xda, 0x60, 0x34, 0x10, 0xc0,
    0x6, 0xab, 0x93, 0x1, 0x8b, 0x92, 0x0, 0x96,
    0x2, 0x71, 0x44, 0x3, 0xa, 0x90, 0x7, 0xcf,
    0x64, 0x75, 0xdf, 0xdc, 0xfe, 0xa7, 0x0, 0xfc,
    0x9b, 0x6c, 0x62, 0x31, 0x24, 0x20, 0x7, 0x0,

    /* U+0041 "A" */
    0x0, 0xf3, 0x7f, 0x94, 0x3, 0xff, 0x81, 0x40,
    0xe, 0x0, 0xff, 0x8c, 0xc0, 0x4, 0x10, 0xf,
    0xf5, 0x2, 0x18, 0x48, 0x7, 0xf9, 0x83, 0xa8,
    0x18, 0x3, 0xf9, 0x80, 0x55, 0xc0, 0x50, 0x3,
    0xf5, 0x3, 0x80, 0xa8, 0x70, 0x7, 0xc4, 0x61,
    0x40, 0xe, 0x5, 0x10, 0xf, 0x58, 0x11, 0x80,
    0x10, 0x41, 0x80, 0x3c, 0xe1, 0x40, 0x19, 0xc2,
    0x80, 0x39, 0x44, 0x14, 0x47, 0x68, 0x12, 0x0,
    0x69, 0x0, 0x6f, 0x76, 0xb0, 0x7, 0x0, 0x44,
    0x60, 0x1f, 0xe5, 0x10, 0x5, 0x0, 0x3b, 0xff,
    0xda, 0x0, 0x60, 0x3, 0x3, 0x8, 0x7, 0x89,
    0x2, 0x81, 0x44, 0x28, 0x3, 0xf7, 0x81, 0x1f,
    0x1, 0x98, 0x3, 0xf2, 0x10, 0x48,

    /* U+0042 "B" */
    0x7f, 0xff, 0xdd, 0x22, 0x1, 0xff, 0xb, 0x78,
    0x80, 0x6f, 0xfe, 0xe8, 0x1, 0x80, 0xf, 0xe1,
    0x74, 0x4, 0x0, 0xff, 0x88, 0xc, 0x3, 0xfe,
    0x20, 0x20, 0xf, 0xe1, 0x74, 0x9, 0x0, 0xdf,
    0xfd, 0xd0, 0x10, 0xa0, 0x1f, 0xfc, 0xc, 0x10,
    0xd, 0xff, 0xdd, 0x42, 0x98, 0x1, 0xfc, 0x2b,
    0x40, 0x48, 0x1, 0xfe, 0x40, 0x1, 0x80, 0x7f,
    0xf3, 0x10, 0x0, 0x60, 0x1f, 0x85, 0x24, 0x5,
    0x0, 0x2f, 0xfe, 0xeb, 0x20, 0xd0, 0xf, 0xf0,
    0xae, 0x98, 0x0,

    /* U+0043 "C" */
    0x0, 0xe6, 0xbe, 0xff, 0x75, 0xb0, 0x7, 0x2f,
    0x4a, 0x8, 0x0, 0x52, 0x79, 0x40, 0x11, 0x42,
    0x7, 0x15, 0x72, 0xe4, 0x32, 0xc, 0xe0, 0x59,
    0x87, 0x54, 0x68, 0xdc, 0x51, 0x90, 0x1c, 0x30,
    0xf, 0x8e, 0x58, 0x1, 0x42, 0x1, 0xfe, 0xc0,
    0x24, 0x0, 0xff, 0x98, 0x1c, 0x3, 0xff, 0x80,
    0x60, 0x60, 0x1f, 0xfc, 0x3, 0x3, 0x0, 0xff,
    0xe0, 0x30, 0x38, 0x7, 0xff, 0x3, 0x0, 0x90,
    0x3, 0xfe, 0x60, 0x4, 0x88, 0x7, 0xf8, 0x64,
    0xb, 0x8, 0x3, 0xe2, 0xb0, 0x67, 0x2, 0xdb,
    0x64, 0x42, 0xbd, 0xea, 0x0, 0x22, 0x84, 0x12,
    0x6e, 0xd5, 0x8, 0x10, 0x1, 0x2f, 0xca, 0x8,
    0x0, 0x52, 0x39, 0xc0,

    /* U+0044 "D" */
    0x7f, 0xff, 0x75, 0xb8, 0x80, 0x7f, 0xc2, 0x91,
    0xcc, 0x1, 0xee, 0xeb, 0x72, 0x4, 0x26, 0x40,
    0x1c, 0x23, 0x11, 0xbf, 0x28, 0x33, 0x0, 0x3f,
    0xea, 0x30, 0x80, 0xf, 0xfe, 0x7, 0x80, 0xa8,
    0x7, 0xfc, 0x62, 0x18, 0x1, 0xff, 0xc0, 0x20,
    0x20, 0xf, 0xfe, 0x3, 0x83, 0x80, 0x7f, 0xf0,
    0x1c, 0x1c, 0x3, 0xff, 0x80, 0x40, 0x40, 0x1f,
    0xf2, 0x8, 0x60, 0x7, 0xfd, 0x0, 0x28, 0x1,
    0xfe, 0xa3, 0x9, 0x10, 0x8, 0x47, 0x1b, 0xf2,
    0x82, 0xb8, 0x6, 0xee, 0xd9, 0x2, 0x11, 0x40,
    0x1f, 0xc4, 0xb3, 0xce, 0x1, 0x0,

    /* U+0045 "E" */
    0x7f, 0xff, 0xf5, 0x0, 0x7f, 0xf0, 0xfb, 0xbf,
    0x50, 0x4, 0x23, 0xf8, 0x3, 0xff, 0xd1, 0xff,
    0xe7, 0x0, 0xff, 0xe2, 0xff, 0xf9, 0xc0, 0x3f,
    0xfb, 0xa2, 0x3f, 0x80, 0x37, 0x77, 0xea, 0x0,
    0xff, 0xe0, 0x0,

    /* U+0046 "F" */
    0x7f, 0xff, 0xf5, 0x0, 0x7f, 0xf0, 0xfb, 0xbf,
    0x50, 0x4, 0x23, 0xf8, 0x3, 0xff, 0xd1, 0xff,
    0xe7, 0x0, 0xff, 0x84, 0x3, 0xbf, 0xfc, 0xc0,
    0x1f, 0xff, 0xe0,

    /* U+0047 "G" */
    0x0, 0xe6, 0xbe, 0xff, 0x75, 0xb0, 0x7, 0x97,
    0xa5, 0x4, 0x0, 0x29, 0x3c, 0xa0, 0x14, 0x50,
    0x81, 0xc5, 0x5d, 0x3a, 0xc, 0x80, 0x19, 0xc0,
    0xb3, 0xe, 0xa8, 0xb1, 0x7d, 0x40, 0x32, 0x3,
    0x86, 0x1, 0xf0, 0xb0, 0x30, 0x2, 0x84, 0x3,
    0xfe, 0xc0, 0x24, 0x0, 0xff, 0xe0, 0x30, 0x38,
    0x7, 0xa3, 0xff, 0x84, 0xc0, 0xc0, 0x3f, 0xf8,
    0x26, 0x6, 0x1, 0xe8, 0xff, 0x50, 0x4, 0xc0,
    0xe0, 0x1f, 0xfc, 0x1c, 0x2, 0x40, 0xf, 0xfe,
    0x3, 0x0, 0x24, 0x40, 0x3f, 0xe1, 0x90, 0x2c,
    0x20, 0xf, 0x18, 0x6, 0x67, 0x2, 0xdb, 0x64,
    0x43, 0x54, 0x80, 0x74, 0x50, 0x82, 0x4d, 0xda,
    0x54, 0x0, 0xc2, 0x1, 0x2f, 0xca, 0x8, 0x0,
    0x4d, 0xf6, 0x40,

    /* U+0048 "H" */
    0x7f, 0xf0, 0x7, 0xe3, 0xff, 0x18, 0x7, 0xff,
    0xfc, 0x3, 0xff, 0x8d, 0xff, 0xfb, 0x0, 0x3f,
    0xf9, 0x3d, 0xdf, 0xac, 0x3, 0xc2, 0x3f, 0x9c,
    0x3, 0xff, 0xfe, 0x1, 0xff, 0xc6,

    /* U+0049 "I" */
    0x7f, 0xf0, 0x7, 0xff, 0xd4,

    /* U+004A "J" */
    0x0, 0xef, 0xf4, 0x0, 0x7f, 0xff, 0xc0, 0x3f,
    0xf9, 0xa4, 0x0, 0xe2, 0x43, 0x5f, 0x0, 0x22,
    0x2f, 0x28, 0x81, 0x88, 0xa0, 0x1, 0x4c, 0x80,

    /* U+004B "K" */
    0x7f, 0xf0, 0x7, 0xd5, 0xfe, 0x50, 0xf, 0xf4,
    0xa8, 0x4a, 0x80, 0x7f, 0x43, 0x4, 0x30, 0x7,
    0xf3, 0x38, 0x3b, 0x80, 0x3f, 0x96, 0x41, 0x60,
    0x3, 0xf9, 0x28, 0x12, 0x80, 0x3f, 0x8e, 0xc0,
    0xec, 0x3, 0xf8, 0xf4, 0xb, 0x40, 0x3f, 0xd2,
    0x21, 0x2, 0x1, 0xfe, 0xa4, 0xa, 0x30, 0xf,
    0xfa, 0xcc, 0x30, 0xc0, 0x3f, 0xed, 0x20, 0xd2,
    0x0, 0xff, 0xe, 0x10, 0xe0, 0x80, 0x7f, 0x87,
    0xc4, 0x58, 0x20, 0x1f, 0xe2, 0xc1, 0x2c, 0x10,
    0xf, 0xf1, 0x68, 0x16, 0x80, 0x7f, 0xc7, 0x80,
    0x76, 0x0,

    /* U+004C "L" */
    0x7f, 0xf0, 0x7, 0xff, 0xfc, 0x3, 0xff, 0xfe,
    0x1, 0xff, 0xc6, 0x11, 0xfc, 0x1, 0xbb, 0xbf,
    0x40, 0x7, 0xff, 0x0,

    /* U+004D "M" */
    0x7f, 0xf1, 0x80, 0x7f, 0x93, 0xfc, 0xc0, 0x14,
    0x0, 0x7f, 0xbc, 0x3, 0xc8, 0x40, 0x1f, 0x89,
    0x0, 0x3e, 0xb0, 0xf, 0xd0, 0x1, 0xf9, 0x84,
    0x3, 0xc2, 0xa0, 0x1e, 0x12, 0x6, 0x0, 0xf4,
    0x81, 0x80, 0x7a, 0x2, 0x40, 0x3c, 0xc1, 0x0,
    0x1e, 0x51, 0x13, 0x0, 0x66, 0x12, 0x40, 0xf,
    0xa4, 0x2c, 0x3, 0x58, 0x58, 0x7, 0xe7, 0x2,
    0x40, 0x2, 0x90, 0xb0, 0x7, 0xf3, 0x87, 0x80,
    0x24, 0x18, 0x3, 0xfd, 0x20, 0x86, 0x70, 0x48,
    0x7, 0xf8, 0x54, 0x26, 0x40, 0xc2, 0x1, 0xff,
    0x48, 0x2a, 0x82, 0xc0, 0x3f, 0xf8, 0x6, 0x80,
    0x4, 0x20, 0xf, 0xfe, 0xf, 0x80, 0x3c, 0x3,
    0xff, 0x84, 0x84, 0x68, 0x1, 0xf0,

    /* U+004E "N" */
    0x7f, 0xf1, 0x80, 0x7d, 0x3f, 0xc0, 0x17, 0x0,
    0x7f, 0xf0, 0x4a, 0x0, 0x3f, 0xf8, 0x2e, 0x60,
    0x1f, 0xf1, 0x87, 0x0, 0x7f, 0xdc, 0x5, 0x0,
    0x1f, 0xe2, 0x80, 0x73, 0x0, 0xff, 0x39, 0x87,
    0x0, 0x7f, 0xdc, 0x5, 0x0, 0x1f, 0xe2, 0x80,
    0x73, 0x0, 0xff, 0x39, 0x87, 0x0, 0x7f, 0xdc,
    0x5, 0x0, 0x1f, 0xe2, 0x80, 0x75, 0x0, 0xff,
    0x39, 0x81, 0x80, 0x7f, 0xdc, 0x1, 0xff, 0xc1,
    0x28, 0x0, 0xff, 0xe0, 0xb9, 0x80, 0x0,

    /* U+004F "O" */
    0x0, 0xe6, 0xbe, 0xff, 0x6d, 0x28, 0x7, 0xe4,
    0xe9, 0x41, 0x0, 0x12, 0xd6, 0x90, 0x7, 0x3d,
    0x88, 0x1c, 0x55, 0x20, 0xc0, 0xb5, 0x40, 0x24,
    0x80, 0x2c, 0xc3, 0xaa, 0x9f, 0x2c, 0x42, 0x88,
    0x1, 0x40, 0x38, 0x60, 0x1e, 0x4c, 0x0, 0x70,
    0x30, 0x85, 0x8, 0x7, 0xe2, 0x80, 0x33, 0x68,
    0x12, 0x0, 0x7f, 0x98, 0x1, 0x6c, 0xe, 0x1,
    0xff, 0x9, 0x1, 0x18, 0x18, 0x7, 0xff, 0x0,
    0x40, 0x4c, 0xc, 0x3, 0xff, 0x80, 0x20, 0x2c,
    0xe, 0x1, 0xff, 0x9, 0x1, 0x68, 0x12, 0x0,
    0x7f, 0x98, 0x1, 0x6c, 0x21, 0x22, 0x1, 0xf8,
    0xa0, 0xc, 0xc1, 0x60, 0x58, 0x40, 0x1e, 0x4c,
    0x0, 0x70, 0x1, 0x60, 0xb, 0x6d, 0x91, 0xd,
    0x96, 0x21, 0x44, 0x1, 0x3d, 0x88, 0x24, 0xdd,
    0xa4, 0xc0, 0xb1, 0x40, 0x39, 0x3a, 0x50, 0x40,
    0x4, 0xb5, 0xa6, 0x1, 0x0,

    /* U+0050 "P" */
    0x7f, 0xff, 0xb6, 0x8c, 0x3, 0xfc, 0x4b, 0x8e,
    0x1, 0xbb, 0xb6, 0xc9, 0x4, 0x18, 0x4, 0x23,
    0x89, 0xb0, 0x42, 0x40, 0x3f, 0x85, 0x41, 0xc0,
    0x3f, 0xc2, 0x1, 0xff, 0xc0, 0x40, 0x60, 0xf,
    0x85, 0x30, 0x43, 0x80, 0x2f, 0xfd, 0xd6, 0x60,
    0xca, 0x1, 0xfc, 0x97, 0x20, 0x1b, 0xbb, 0x7f,
    0xad, 0x0, 0x38, 0x47, 0x0, 0x7f, 0xfe, 0xc0,

    /* U+0051 "Q" */
    0x0, 0xe6, 0xbe, 0xff, 0x6d, 0x28, 0x7, 0xf2,
    0x74, 0xa0, 0x80, 0x9, 0x6b, 0x48, 0x3, 0xcf,
    0x62, 0x7, 0x15, 0x48, 0x20, 0x2d, 0x40, 0xc,
    0x90, 0x5, 0x98, 0x75, 0x53, 0xed, 0x0, 0x2c,
    0x80, 0x2a, 0x1, 0xc3, 0x0, 0xf2, 0xe0, 0x3,
    0x80, 0xc, 0x21, 0x62, 0x1, 0xf8, 0xdc, 0xc,
    0xc1, 0x80, 0x2a, 0x1, 0xfe, 0xa0, 0x5, 0x83,
    0x82, 0x0, 0x7f, 0xc4, 0x20, 0x40, 0x60, 0x60,
    0x1f, 0xfc, 0x2, 0x1, 0x3, 0x3, 0x0, 0xff,
    0xe0, 0x8, 0x8, 0x30, 0x30, 0x7, 0xff, 0x0,
    0x83, 0x43, 0x0, 0xc8, 0x3, 0xfc, 0xa0, 0x5,
    0x6, 0x0, 0x48, 0x7, 0xf0, 0xc0, 0x29, 0x0,
    0xc8, 0x25, 0x0, 0x7c, 0x3a, 0x44, 0xb0, 0x9,
    0x9c, 0x17, 0xa1, 0x8, 0xd6, 0x78, 0xcb, 0x8c,
    0x80, 0x28, 0xa1, 0x13, 0xde, 0xe5, 0x30, 0x0,
    0xb3, 0x74, 0x1, 0x97, 0xa5, 0x48, 0x3, 0xfe,

    /* U+0052 "R" */
    0x7f, 0xff, 0xba, 0xd0, 0x3, 0xfc, 0x29, 0x72,
    0x1, 0xbb, 0xb6, 0xd1, 0x3, 0x20, 0x4, 0x23,
    0x89, 0x70, 0x43, 0x80, 0x3f, 0x85, 0x41, 0xc0,
    0x3f, 0xc2, 0x2, 0x1, 0xfc, 0x28, 0xc, 0x1,
    0xf0, 0xa6, 0x88, 0x48, 0x5, 0xff, 0xba, 0xcc,
    0x1c, 0xc0, 0x3f, 0x8e, 0xa0, 0x3, 0x77, 0x58,
    0x0, 0xa5, 0x0, 0xe1, 0x18, 0xd8, 0x20, 0x3,
    0xfd, 0x0, 0x2e, 0x1, 0xfc, 0x2e, 0x12, 0x1,
    0xfe, 0x90, 0x17, 0x0, 0xfe, 0x17, 0x8, 0x10,
    0xf, 0xe9, 0x0, 0x48,

    /* U+0053 "S" */
    0x0, 0x1c, 0xef, 0xfb, 0x6d, 0xc4, 0x0, 0xf8,
    0xc4, 0x0, 0x24, 0x88, 0x2, 0x40, 0x14, 0xe6,
    0xe5, 0x28, 0x87, 0x0, 0x31, 0x8c, 0x8d, 0x6a,
    0x1, 0x80, 0x84, 0x3, 0xf2, 0x81, 0x10, 0x3,
    0xf5, 0x0, 0x31, 0x0, 0x3e, 0x3a, 0x1, 0xbd,
    0x60, 0xf, 0x2e, 0xa8, 0x14, 0xfc, 0x8, 0x6,
    0x2a, 0xe7, 0x10, 0x7f, 0x20, 0xe, 0x18, 0xe9,
    0x1, 0xf0, 0xf, 0xcd, 0x0, 0x48, 0x1, 0xf8,
    0xc0, 0x2, 0x1, 0xf8, 0xc0, 0x3, 0xb2, 0xa4,
    0x22, 0x38, 0x80, 0xa, 0x1b, 0x56, 0xf7, 0x31,
    0xc0, 0x1a, 0x1a, 0xe6, 0x40, 0x1, 0x37, 0xe3,
    0x0,

    /* U+0054 "T" */
    0x6f, 0xff, 0xfe, 0x3, 0x80, 0x7f, 0xf0, 0x9b,
    0xbb, 0x58, 0x2, 0xbb, 0xb3, 0x80, 0x8e, 0x70,
    0x0, 0x8f, 0x0, 0x7f, 0xff, 0xc0, 0x3f, 0xff,
    0xe0, 0x1f, 0xfd, 0x50,

    /* U+0055 "U" */
    0x9f, 0xe0, 0xf, 0xc5, 0xfe, 0x40, 0xf, 0xff,
    0xf8, 0x7, 0xff, 0xc0, 0x40, 0x3f, 0xf8, 0x5e,
    0x2, 0x1, 0xf9, 0x80, 0xe, 0x60, 0x4, 0x0,
    0xfb, 0x0, 0x6, 0x82, 0x12, 0x20, 0x1c, 0x8e,
    0xa, 0x0, 0x80, 0x2f, 0x84, 0x42, 0xd5, 0x80,
    0x20, 0x0, 0xd0, 0x2, 0xf7, 0x6a, 0x50, 0x1b,
    0x20, 0x9, 0xf5, 0x88, 0x0, 0x27, 0x1e, 0x80,
    0x0,

    /* U+0056 "V" */
    0xbf, 0xd0, 0xf, 0xf7, 0x7d, 0x70, 0x12, 0x0,
    0x7e, 0x51, 0x9, 0x51, 0xe, 0x0, 0xfd, 0xc0,
    0x46, 0xc, 0xa, 0x1, 0xf1, 0x20, 0x50, 0x2,
    0x80, 0xc, 0x1, 0xea, 0x0, 0x30, 0x0, 0x8c,
    0x28, 0x3, 0xcc, 0xa, 0x20, 0x14, 0x81, 0x98,
    0x3, 0x20, 0x87, 0x0, 0x65, 0x10, 0xa0, 0xd,
    0xc0, 0x48, 0x1, 0xce, 0xe, 0x1, 0xa, 0x85,
    0x0, 0x7a, 0xc0, 0x54, 0x0, 0xc0, 0x6, 0x0,
    0xf1, 0x18, 0x70, 0x2, 0x81, 0x44, 0x3, 0xea,
    0x4, 0x23, 0x20, 0xe0, 0xf, 0xcc, 0x0, 0xaa,
    0x0, 0xa0, 0x7, 0xf3, 0x3, 0x30, 0x18, 0x3,
    0xfd, 0x40, 0x20, 0x9, 0x0, 0xff, 0x19, 0x80,
    0x8, 0x20, 0x1f, 0xf5, 0x0, 0x38, 0x3, 0xc0,

    /* U+0057 "W" */
    0xcf, 0xc0, 0xf, 0xf, 0xf8, 0x80, 0x3d, 0x7f,
    0x96, 0x6, 0x20, 0x1c, 0x80, 0x4, 0x0, 0xf2,
    0x2, 0x20, 0x0, 0x80, 0x1d, 0xe0, 0xd, 0x0,
    0xe5, 0x0, 0x59, 0x88, 0x78, 0x7, 0x20, 0x1,
    0x0, 0x3b, 0x0, 0x4c, 0x10, 0x10, 0x3, 0x18,
    0x8c, 0x8, 0x1, 0x9c, 0x10, 0x1, 0xe0, 0x26,
    0x1, 0x58, 0x3b, 0x83, 0x0, 0x23, 0x10, 0xf0,
    0x2, 0x0, 0x2c, 0x2, 0x40, 0xcc, 0x2, 0x80,
    0x48, 0x0, 0x40, 0x0, 0x98, 0x20, 0x0, 0x4c,
    0x15, 0x40, 0x42, 0x0, 0xb0, 0x31, 0x0, 0xac,
    0xc, 0x41, 0x1, 0x0, 0x8, 0xe, 0x2, 0x61,
    0x60, 0x19, 0x0, 0xe, 0x1e, 0x18, 0x0, 0xc0,
    0xc0, 0x40, 0x2, 0x0, 0x63, 0x10, 0xc0, 0x40,
    0x50, 0x2, 0x82, 0x87, 0x80, 0x98, 0x7, 0x38,
    0x29, 0x88, 0x88, 0x0, 0x44, 0x4, 0x40, 0x20,
    0x7, 0xb0, 0x1, 0xe0, 0xe0, 0x19, 0x2, 0x4,
    0x3c, 0x3, 0xca, 0x0, 0x30, 0xd0, 0xd, 0xa0,
    0x60, 0x4, 0x0, 0xf8, 0xc0, 0x24, 0x0, 0xc8,
    0x1, 0x18, 0x80, 0x7d, 0x60, 0x4, 0x0, 0xf2,
    0x0, 0x2c, 0x3, 0xf2, 0x80, 0x30, 0x3, 0xda,
    0x0, 0x40, 0xc,

    /* U+0058 "X" */
    0x5f, 0xf3, 0x80, 0x7e, 0xdf, 0xd0, 0x56, 0x8,
    0x30, 0xf, 0x51, 0x7, 0x0, 0x24, 0x83, 0x80,
    0x39, 0x94, 0x24, 0xc0, 0x2f, 0x2, 0xa0, 0x8,
    0xa4, 0x11, 0x80, 0x31, 0x48, 0x2b, 0x0, 0x38,
    0x6, 0x80, 0x3c, 0xc8, 0x12, 0x50, 0x61, 0x42,
    0x1, 0xf5, 0x8, 0x63, 0x83, 0xa0, 0x7, 0xe1,
    0xa0, 0x10, 0x38, 0x0, 0xff, 0x21, 0x0, 0x24,
    0x3, 0xfe, 0x72, 0x0, 0x58, 0x80, 0x7f, 0x1c,
    0x2, 0x0, 0xd0, 0x7, 0xf7, 0x1, 0x5d, 0x2,
    0x38, 0x7, 0xd4, 0x41, 0xc0, 0xac, 0x10, 0x60,
    0x1c, 0xaa, 0x8, 0x30, 0x4, 0x90, 0x70, 0x6,
    0x2a, 0x4, 0x70, 0xd, 0xc0, 0x54, 0x1, 0x70,
    0xd, 0x0, 0x71, 0xc8, 0x2a, 0x82, 0xc, 0x28,
    0x40, 0x3c, 0xc8, 0x14, 0x40,

    /* U+0059 "Y" */
    0xaf, 0xe1, 0x0, 0xf8, 0xbf, 0xcd, 0x60, 0x32,
    0x1, 0xf4, 0x81, 0x30, 0xc0, 0x39, 0x0, 0x72,
    0xa0, 0x48, 0x1, 0xc8, 0x24, 0x3, 0xa0, 0x15,
    0x0, 0x28, 0x4, 0x40, 0x4, 0xe4, 0x16, 0x1,
    0x95, 0x2, 0x40, 0x3, 0x0, 0xe2, 0x1, 0xd2,
    0x4, 0xc1, 0x60, 0x30, 0x1, 0xe2, 0x60, 0x84,
    0x50, 0xb0, 0xf, 0xd0, 0x22, 0xb0, 0x45, 0x0,
    0xfc, 0x32, 0x1, 0x48, 0x7, 0xf9, 0xc4, 0x14,
    0x80, 0x3f, 0xe3, 0x2, 0x0, 0xff, 0xff, 0x80,
    0x78,

    /* U+005A "Z" */
    0xbf, 0xff, 0xf9, 0x40, 0x3f, 0xf8, 0x3, 0x5d,
    0xdf, 0x68, 0x81, 0xa0, 0x8f, 0xeb, 0x10, 0xe0,
    0xf, 0xca, 0xc1, 0x24, 0x1, 0xf0, 0xd8, 0x2b,
    0x0, 0x7e, 0xa1, 0x15, 0x80, 0x7e, 0x64, 0xa,
    0x10, 0xf, 0x8a, 0x41, 0x90, 0x3, 0xf7, 0x1,
    0x48, 0x7, 0xe8, 0x30, 0xe0, 0xf, 0xc6, 0xe1,
    0x6, 0x1, 0xfb, 0x40, 0xdc, 0x3, 0xf5, 0x8,
    0x70, 0x7, 0xe5, 0x50, 0x41, 0x88, 0xfc, 0x16,
    0x0, 0x8e, 0xef, 0xd8, 0x1, 0xff, 0xc1,

    /* U+005B "[" */
    0x11, 0xe0, 0xfe, 0xec, 0xe0, 0x1f, 0x9f, 0xfc,
    0xe0, 0x1f, 0xff, 0xf0, 0xf, 0xfe, 0x30, 0x88,
    0x2, 0x7e, 0xe3, 0x80, 0x78,

    /* U+005C "\\" */
    0xbf, 0xa0, 0xf, 0xb8, 0x14, 0x40, 0x3c, 0xa2,
    0xc, 0x1, 0xf3, 0x5, 0x0, 0x7d, 0x20, 0x48,
    0x1, 0xe1, 0x40, 0xe0, 0xf, 0xbc, 0x14, 0x40,
    0x3c, 0x82, 0xc, 0x1, 0xf3, 0x5, 0x0, 0x7d,
    0x20, 0x48, 0x1, 0xe1, 0x40, 0xe0, 0xf, 0xbc,
    0x14, 0x40, 0x3c, 0x82, 0xc, 0x1, 0xf4, 0x84,
    0x80, 0x7c, 0xc0, 0x28, 0x1, 0xe1, 0x50, 0xf0,
    0xf, 0xb8, 0x10, 0x40,

    /* U+005D "]" */
    0x1, 0x1e, 0x2, 0xee, 0xe3, 0x0, 0xf8, 0xbf,
    0xd8, 0x1, 0xff, 0xff, 0x0, 0xff, 0xeb, 0x8,
    0x9c, 0x2, 0x2e, 0xe5, 0x80, 0x7f, 0x80,

    /* U+005E "^" */
    0x0, 0xd5, 0xf8, 0x1, 0xf8, 0xd4, 0xd, 0x80,
    0x3e, 0xf0, 0x30, 0x80, 0xf, 0x31, 0x8e, 0x18,
    0xc0, 0x7, 0x40, 0x58, 0x78, 0x38, 0x80, 0x50,
    0x26, 0xa0, 0x6a, 0x16, 0x0, 0x17, 0xf, 0x0,
    0xa0, 0x14, 0xc2, 0xc1, 0x4c, 0x2, 0x27, 0xf,
    0x0,

    /* U+005F "_" */
    0x22, 0xfe, 0x1c, 0xdd, 0xfd, 0x0, 0x1f, 0xe0,

    /* U+0060 "`" */
    0x22, 0x8, 0x2, 0xf7, 0xc0, 0x16, 0x2, 0x80,
    0x4a, 0x1e, 0x0, 0x80, 0x41,

    /* U+0061 "a" */
    0x2, 0x9c, 0xef, 0xf6, 0x40, 0x80, 0x54, 0xc6,
    0x20, 0x3, 0x7f, 0x10, 0x6, 0x56, 0xff, 0xba,
    0x40, 0x68, 0x0, 0x8a, 0x40, 0x1, 0x68, 0x4,
    0x10, 0x2a, 0xef, 0xec, 0x81, 0x0, 0x11, 0x35,
    0x44, 0x46, 0x67, 0x90, 0xa, 0x0, 0x17, 0xdb,
    0xf8, 0x80, 0x12, 0x3, 0x20, 0x4, 0x70, 0x1,
    0xff, 0x30, 0x4, 0x80, 0xc8, 0x1, 0x35, 0x0,
    0x50, 0x21, 0x7f, 0xdf, 0x26, 0x1, 0x17, 0xb0,
    0x80, 0x9c, 0xe8, 0x4,

    /* U+0062 "b" */
    0x6e, 0xe0, 0x7, 0xfc, 0x23, 0x0, 0x7f, 0xfe,
    0xce, 0xbb, 0xfa, 0xd4, 0x3, 0xd1, 0x8a, 0x20,
    0x29, 0x56, 0x1, 0xce, 0x77, 0xfe, 0xd5, 0x4,
    0xa0, 0xc, 0x98, 0x80, 0x2, 0xa7, 0x5, 0x30,
    0xa, 0x40, 0x3d, 0x0, 0xa, 0x0, 0x88, 0x3,
    0xe3, 0x2, 0x0, 0xff, 0x9c, 0x3, 0x88, 0x3,
    0xe5, 0x2, 0x0, 0xa4, 0x3, 0xd0, 0x21, 0xa0,
    0x12, 0x62, 0x0, 0xa, 0x5c, 0x11, 0x0, 0x1,
    0x83, 0xbf, 0xf6, 0xb0, 0x1d, 0x0, 0x67, 0xc5,
    0x10, 0x14, 0x9c, 0x10,

    /* U+0063 "c" */
    0x0, 0x96, 0xfb, 0xfd, 0xb2, 0x40, 0x1, 0xca,
    0x41, 0x0, 0x13, 0x60, 0x3, 0x4c, 0x1f, 0x7f,
    0xdd, 0x48, 0xc, 0x61, 0x70, 0x40, 0x1, 0x5a,
    0xd, 0x3, 0x40, 0xf, 0xcc, 0xa, 0x1, 0xff,
    0xc9, 0x60, 0x50, 0xf, 0xed, 0x3, 0x40, 0xf,
    0xcc, 0x41, 0x6e, 0x20, 0x1, 0x5c, 0x0, 0x79,
    0x84, 0x77, 0xfb, 0xa8, 0xc0, 0x5, 0x92, 0x82,
    0x0, 0x26, 0xc0,

    /* U+0064 "d" */
    0x0, 0xff, 0x17, 0x71, 0x0, 0x3f, 0xe1, 0x10,
    0x7, 0xff, 0xc1, 0xb3, 0xbf, 0x64, 0x80, 0x38,
    0x76, 0x4c, 0x40, 0x9b, 0x68, 0x3, 0x69, 0x3,
    0xef, 0xf5, 0x13, 0x80, 0x4c, 0x61, 0x30, 0x40,
    0x2b, 0x84, 0x1, 0x68, 0x13, 0x0, 0x70, 0xc8,
    0x4, 0xc0, 0x80, 0x1f, 0x30, 0x7, 0xff, 0x15,
    0x81, 0x40, 0x3e, 0x60, 0xb, 0x40, 0xd4, 0x3,
    0x86, 0x40, 0x26, 0x20, 0xa8, 0x10, 0x2, 0xe1,
    0x0, 0x6f, 0x20, 0x7e, 0xff, 0x51, 0x48, 0x6,
    0x2d, 0x83, 0x10, 0x26, 0xd7, 0x0, 0x80,

    /* U+0065 "e" */
    0x0, 0xc, 0x67, 0xfb, 0xad, 0x40, 0x31, 0xfb,
    0x98, 0x0, 0x52, 0xac, 0x0, 0x3a, 0x27, 0x7f,
    0xee, 0x81, 0x49, 0x6, 0x12, 0xc4, 0x0, 0xb,
    0xd0, 0x30, 0xd8, 0x28, 0x7, 0x90, 0x41, 0xc8,
    0x1f, 0xff, 0xe1, 0x1, 0x0, 0x12, 0x27, 0xf0,
    0x90, 0x2d, 0xdf, 0xf3, 0x58, 0x30, 0x80, 0x7f,
    0x39, 0xf, 0xb9, 0x0, 0x44, 0xc8, 0x0, 0xf2,
    0x18, 0xdf, 0xfb, 0x64, 0x80, 0x5, 0xb2, 0x82,
    0x0, 0x23, 0x74, 0x0,

    /* U+0066 "f" */
    0x0, 0xff, 0xe0, 0xc, 0xef, 0xf2, 0x0, 0x5e,
    0xc4, 0x2, 0x20, 0x3, 0x8, 0x4f, 0xf2, 0x0,
    0x3c, 0x9, 0x80, 0x44, 0x0, 0x30, 0x10, 0xf,
    0xfe, 0xb, 0x7a, 0x81, 0xff, 0xa8, 0xc, 0x40,
    0x21, 0x11, 0x82, 0xf2, 0x81, 0xf7, 0x24, 0x3,
    0xff, 0xfe, 0x1, 0xf0,

    /* U+0067 "g" */
    0x0, 0x9b, 0x3b, 0xf6, 0x48, 0x7f, 0xc8, 0x5,
    0xb2, 0x62, 0x4, 0xda, 0xc0, 0x1b, 0xc8, 0x1f,
    0x7f, 0xa8, 0xa0, 0x2, 0x62, 0xa, 0x82, 0x1,
    0x5c, 0x20, 0xb, 0x40, 0x94, 0x3, 0x86, 0x40,
    0x26, 0x4, 0x0, 0xf9, 0x80, 0x3f, 0xf8, 0xac,
    0x8, 0x1, 0xf3, 0x0, 0x5a, 0x4, 0xa0, 0x1c,
    0x32, 0x1, 0x31, 0x5, 0x40, 0x80, 0x17, 0x8,
    0x3, 0x79, 0x3, 0xf7, 0xfa, 0x89, 0x80, 0x31,
    0x6c, 0x98, 0x80, 0xae, 0x58, 0x1, 0xc0, 0x26,
    0xce, 0xfe, 0xa3, 0x60, 0x1, 0x0, 0x7f, 0xbc,
    0x8, 0x40, 0xa, 0xc4, 0x1, 0x1d, 0x20, 0x40,
    0x5, 0x93, 0xbf, 0xf6, 0x28, 0x42, 0x80, 0x54,
    0xc4, 0x20, 0x2, 0x6c, 0x70, 0x0,

    /* U+0068 "h" */
    0x6e, 0xe0, 0x7, 0xf0, 0x8c, 0x1, 0xff, 0xf1,
    0x4b, 0xef, 0xea, 0x10, 0xd, 0x16, 0x82, 0x2,
    0xbe, 0x20, 0x13, 0xae, 0x7f, 0xa0, 0x6, 0x0,
    0x27, 0xa3, 0x0, 0x3a, 0x2, 0x0, 0x50, 0x1,
    0xc6, 0x4, 0x1, 0xfd, 0xe0, 0x1f, 0xff, 0xe0,

    /* U+0069 "i" */
    0x2d, 0xd0, 0xa1, 0x11, 0xdc, 0x88, 0x71, 0xbb,
    0x8, 0x6, 0x4f, 0xf1, 0x80, 0x7f, 0xf8, 0x0,

    /* U+006A "j" */
    0x0, 0x87, 0x74, 0x20, 0x13, 0x91, 0x1c, 0x2,
    0x74, 0x43, 0x80, 0x43, 0x76, 0x10, 0xf, 0xf1,
    0xff, 0x8c, 0x3, 0xff, 0xfe, 0x1, 0xff, 0xc0,
    0x70, 0x0, 0x88, 0x7, 0xc0, 0x5, 0x5f, 0xc8,
    0xe, 0x4, 0x0, 0x3a, 0x80,

    /* U+006B "k" */
    0x6e, 0xe0, 0x7, 0xf0, 0x8c, 0x1, 0xff, 0xf4,
    0x3f, 0xf6, 0x0, 0x7c, 0x5a, 0x5, 0xa0, 0x1e,
    0x1f, 0x11, 0x60, 0x80, 0x7b, 0x48, 0x30, 0x40,
    0x3d, 0x66, 0x18, 0x40, 0x1e, 0x94, 0xa, 0x30,
    0xf, 0xbc, 0x0, 0x40, 0x1f, 0x9a, 0x2, 0x1c,
    0x3, 0xf3, 0xb8, 0x21, 0x80, 0x3f, 0x43, 0x84,
    0xb0, 0x7, 0xe8, 0x60, 0x95, 0x0, 0xfd, 0x2c,
    0x14, 0xa0,

    /* U+006C "l" */
    0x6e, 0xe0, 0x8c, 0x1, 0xff, 0xe4,

    /* U+006D "m" */
    0x7f, 0xd0, 0x5c, 0xff, 0x59, 0x81, 0x57, 0x7f,
    0x48, 0x7, 0x4d, 0x18, 0x1, 0x35, 0xb5, 0x44,
    0x5, 0xac, 0x2, 0x26, 0x7e, 0xfb, 0x1, 0x94,
    0xdf, 0xe5, 0x4, 0x20, 0xa, 0x60, 0x41, 0x10,
    0x5, 0x64, 0x3, 0x0, 0x7, 0x0, 0x98, 0x3,
    0x10, 0x8, 0x6, 0x20, 0xf, 0xfe, 0x49, 0x80,
    0x7f, 0xff, 0xc0, 0x3f, 0xfb, 0x60,

    /* U+006E "n" */
    0x7f, 0xe0, 0x4a, 0xef, 0xea, 0x10, 0xd, 0x16,
    0xa2, 0x2, 0xbe, 0x20, 0x1, 0x75, 0xcf, 0xf4,
    0x0, 0xc0, 0x4, 0xf4, 0x60, 0x7, 0x40, 0x40,
    0xa, 0x0, 0x38, 0xc0, 0x80, 0x3f, 0xbc, 0x3,
    0xff, 0xfc,

    /* U+006F "o" */
    0x0, 0x96, 0xfb, 0xfb, 0x1c, 0x40, 0x30, 0xe5,
    0x20, 0x80, 0x9c, 0x79, 0x80, 0x5a, 0x61, 0x1d,
    0xfe, 0xa1, 0x16, 0x10, 0x31, 0x85, 0xb8, 0x80,
    0x17, 0xc4, 0x20, 0x34, 0xd, 0x0, 0x38, 0x58,
    0x14, 0x18, 0x14, 0x3, 0xed, 0x0, 0x10, 0x7,
    0xff, 0x9, 0x81, 0x40, 0x3e, 0xd0, 0x1, 0x68,
    0x1a, 0x0, 0x70, 0xb0, 0x28, 0x31, 0x5, 0xb8,
    0x80, 0x17, 0xc4, 0x20, 0x1, 0x86, 0x11, 0xdf,
    0xea, 0x11, 0x59, 0x0, 0x7, 0x25, 0x4, 0x4,
    0xe3, 0xd0, 0x0,

    /* U+0070 "p" */
    0x7f, 0xe0, 0x3a, 0xef, 0xeb, 0x50, 0xf, 0x3e,
    0x28, 0x80, 0xa5, 0x58, 0x80, 0x43, 0x7, 0x7f,
    0xed, 0x60, 0x4a, 0x0, 0xc9, 0x88, 0x0, 0x29,
    0x70, 0x43, 0x0, 0xa4, 0x3, 0xd0, 0x0, 0xa0,
    0x8, 0x80, 0x3e, 0x40, 0x20, 0xf, 0xf9, 0xc0,
    0x38, 0x80, 0x3e, 0x20, 0x20, 0xa, 0x40, 0x3d,
    0x2, 0x14, 0x1, 0x26, 0x20, 0x0, 0xa5, 0xc1,
    0xc, 0x2, 0x73, 0xbf, 0xf6, 0xb0, 0x25, 0x0,
    0x68, 0xc5, 0x10, 0x14, 0xab, 0x10, 0xe, 0x3a,
    0xef, 0xeb, 0x50, 0xf, 0xff, 0x78,

    /* U+0071 "q" */
    0x0, 0x9b, 0x3b, 0xf6, 0x48, 0x7f, 0xc8, 0x5,
    0xb2, 0x62, 0x4, 0xda, 0xe0, 0x1b, 0xc8, 0x1f,
    0x7f, 0xa8, 0xa4, 0x2, 0x62, 0xa, 0x82, 0x1,
    0x5c, 0x20, 0xb, 0x40, 0x94, 0x3, 0x86, 0x40,
    0x26, 0x4, 0x0, 0xf9, 0x80, 0x3f, 0xf8, 0xac,
    0xa, 0x1, 0xf3, 0x0, 0x5a, 0x6, 0xa0, 0x1c,
    0x32, 0x1, 0x31, 0x5, 0x40, 0x80, 0x17, 0x8,
    0x3, 0x79, 0x3, 0xf7, 0xfa, 0x89, 0xc0, 0x31,
    0x6c, 0x18, 0x81, 0x36, 0xd0, 0x7, 0x9f, 0x3b,
    0xf6, 0x48, 0x3, 0xff, 0xe0,

    /* U+0072 "r" */
    0x7f, 0xe0, 0x3a, 0xde, 0x0, 0xa3, 0x14, 0x80,
    0x21, 0x73, 0xae, 0xe0, 0x4, 0xb8, 0xa2, 0x1,
    0xac, 0x3, 0xe1, 0x0, 0xff, 0xf4, 0x0,

    /* U+0073 "s" */
    0x3, 0x9d, 0xff, 0x6d, 0xa8, 0x2e, 0x31, 0x0,
    0x9, 0x28, 0x24, 0xb, 0x3f, 0xdd, 0x6e, 0x4,
    0x8, 0x60, 0x1, 0x48, 0x4, 0x6, 0x71, 0x0,
    0xeb, 0x30, 0x8e, 0xd8, 0x20, 0x0, 0xe5, 0xb0,
    0x93, 0xec, 0x80, 0x49, 0x3d, 0x8a, 0xc, 0xa0,
    0x1c, 0x74, 0x21, 0x98, 0x83, 0x0, 0x90, 0x40,
    0x44, 0xf9, 0xff, 0x58, 0xd, 0x64, 0x20, 0x80,
    0x9, 0xbc, 0x80,

    /* U+0074 "t" */
    0x0, 0x2c, 0x30, 0x7, 0xbd, 0xe8, 0x3, 0xff,
    0x94, 0xde, 0xa0, 0x7f, 0xea, 0x3, 0x10, 0x8,
    0x44, 0x40, 0xbc, 0xa0, 0x7d, 0xc8, 0x0, 0xff,
    0xf2, 0x18, 0x8, 0x7, 0xbc, 0x9, 0x0, 0x39,
    0xc4, 0x2f, 0xfc, 0x80, 0x1, 0xd4, 0x0, 0x13,
    0x0,

    /* U+0075 "u" */
    0x9f, 0xd0, 0xf, 0x4f, 0xe8, 0x7, 0xff, 0xf0,
    0x40, 0xc0, 0x3f, 0xbc, 0x4, 0x40, 0x18, 0x98,
    0x0, 0xa0, 0xa, 0x20, 0x3, 0x60, 0x4, 0x4e,
    0x9, 0xbf, 0xe9, 0x35, 0x0, 0xa2, 0x4c, 0x0,
    0x4f, 0xa4, 0x0,

    /* U+0076 "v" */
    0xbf, 0xd0, 0xf, 0x67, 0xe7, 0x1, 0x18, 0x6,
    0x23, 0x9, 0x51, 0xa, 0x0, 0xd6, 0x2, 0xa1,
    0x20, 0xc0, 0x19, 0xc1, 0x80, 0xc, 0x0, 0x60,
    0x2, 0x88, 0x50, 0x0, 0x54, 0x28, 0x1, 0xc0,
    0x84, 0x1, 0x70, 0x19, 0x89, 0x3, 0x80, 0x32,
    0x10, 0x55, 0x0, 0x54, 0x3, 0xa8, 0x19, 0x80,
    0xc0, 0x1e, 0x60, 0x0, 0x84, 0x80, 0x78, 0x54,
    0x0, 0x82, 0x1, 0xf4, 0x80, 0x3c, 0x3, 0x0,

    /* U+0077 "w" */
    0xcf, 0xb0, 0xc, 0xdf, 0xe0, 0xc, 0x3f, 0xe6,
    0xb0, 0x40, 0xd, 0xa0, 0x5, 0x0, 0x9c, 0x0,
    0xea, 0x0, 0x40, 0x9, 0x0, 0x18, 0x1, 0x60,
    0x18, 0x91, 0x3, 0x40, 0x8, 0x8, 0xe, 0x1,
    0x28, 0x58, 0x1, 0x41, 0x0, 0x1a, 0x1a, 0x62,
    0x60, 0x80, 0x5, 0x0, 0x58, 0x11, 0x1, 0x1,
    0xec, 0x10, 0x30, 0x8, 0x80, 0x3, 0x10, 0x52,
    0x21, 0x8a, 0x85, 0x82, 0x82, 0x80, 0x67, 0xc,
    0x50, 0xb0, 0x22, 0x19, 0x88, 0x2c, 0x3, 0x68,
    0x25, 0x82, 0x0, 0x10, 0x3c, 0x4, 0xc0, 0x32,
    0x0, 0xc, 0x4c, 0x1, 0xa0, 0x60, 0xe0, 0x1e,
    0x50, 0x3, 0x80, 0x48, 0x1, 0x68, 0x7, 0xbc,
    0x1, 0xa0, 0x19, 0x40, 0x8, 0x1, 0x0,

    /* U+0078 "x" */
    0x2f, 0xf5, 0x0, 0x76, 0xfe, 0x81, 0x58, 0x2b,
    0x80, 0x54, 0x41, 0xe0, 0x4, 0x70, 0x83, 0x7,
    0x50, 0xa2, 0x0, 0xa1, 0x3, 0x56, 0x1, 0xd4,
    0x3, 0xa8, 0x86, 0x81, 0x20, 0x3, 0xc3, 0xc0,
    0x15, 0x0, 0x7e, 0xa0, 0x9, 0xc0, 0x3e, 0x56,
    0x3, 0x9, 0x30, 0xe, 0x3a, 0x6, 0xc3, 0xd,
    0x10, 0x8, 0x78, 0xe, 0x43, 0x44, 0x54, 0x1,
    0x51, 0xe, 0x80, 0x7, 0x41, 0x20, 0x21, 0x3,
    0x44, 0x2, 0x39, 0x7, 0x50,

    /* U+0079 "y" */
    0xbf, 0xc0, 0xf, 0x1f, 0xf9, 0x20, 0xc, 0xc0,
    0x1d, 0x20, 0x48, 0x66, 0x9, 0x0, 0xc2, 0xa1,
    0x40, 0x9, 0x5, 0x20, 0x9, 0x80, 0xc, 0x0,
    0x52, 0xb, 0x0, 0xa8, 0x14, 0x40, 0x2b, 0x6,
    0x10, 0x42, 0x9, 0x0, 0xcc, 0x20, 0xc1, 0xe0,
    0x66, 0x0, 0xe9, 0x9, 0x24, 0xa, 0x0, 0xf3,
    0x0, 0xf0, 0x1, 0x80, 0x3c, 0x2c, 0x6, 0xc,
    0x1, 0xfa, 0x0, 0x2b, 0x0, 0xff, 0x8c, 0x80,
    0x3f, 0x48, 0x2, 0x40, 0x3f, 0x23, 0x81, 0x28,
    0x7, 0x17, 0xfa, 0xc0, 0x1c, 0x1, 0xe3, 0x20,
    0x14, 0xc3, 0x0, 0xf0,

    /* U+007A "z" */
    0xcf, 0xff, 0xd4, 0xe2, 0x3e, 0x0, 0x1d, 0xf7,
    0x71, 0x0, 0xc0, 0x7, 0x49, 0x86, 0x88, 0x6,
    0x66, 0x4, 0x98, 0x6, 0x29, 0x5, 0x60, 0xe,
    0xf0, 0x2a, 0x0, 0xea, 0x20, 0xf0, 0xe, 0x75,
    0xa, 0x20, 0xc, 0x70, 0xc, 0xa0, 0x1d, 0xc0,
    0x7, 0xee, 0xec, 0x30, 0x0, 0x8f, 0x88,

    /* U+007B "{" */
    0x0, 0xe1, 0x10, 0x6, 0x7f, 0xee, 0x10, 0x5,
    0x0, 0x1e, 0x10, 0x3, 0xf9, 0x0, 0x76, 0x80,
    0x7f, 0xf4, 0xc, 0x3, 0xea, 0x0, 0x30, 0x0,
    0xbd, 0xc1, 0x8c, 0x3, 0xdc, 0x1, 0x16, 0xa8,
    0x41, 0x0, 0x45, 0x0, 0x7, 0x0, 0xc6, 0x1,
    0xff, 0xde, 0xc1, 0x0, 0x84, 0x0, 0xdc, 0x40,
    0x14, 0x88, 0x4,

    /* U+007C "|" */
    0xef, 0x80, 0xf, 0xff, 0xb0,

    /* U+007D "}" */
    0x11, 0x0, 0x77, 0xf7, 0xd8, 0x7, 0x90, 0xc0,
    0x1d, 0x60, 0x6, 0x0, 0x98, 0x3, 0xff, 0x9e,
    0x60, 0x1e, 0x10, 0x7, 0x8, 0x5, 0x20, 0x9c,
    0xc0, 0x2, 0x10, 0xe, 0xa1, 0x2c, 0x60, 0x11,
    0x5, 0x98, 0x0, 0xc0, 0x6, 0x1, 0xff, 0xd2,
    0x14, 0x0, 0xef, 0x90, 0x3, 0x0, 0x73, 0x18,
    0x0,

    /* U+007E "~" */
    0x2b, 0xfd, 0x92, 0x0, 0xc6, 0x3c, 0x80, 0x4d,
    0xb2, 0x84, 0xba, 0x65, 0x1b, 0x6c, 0xd, 0x7b,
    0x42, 0x56, 0xe4, 0x93, 0xd0, 0x40, 0x78, 0x0,

    /* U+0E01 "ก" */
    0x0, 0x96, 0xf7, 0xfd, 0xb2, 0x60, 0x11, 0xed,
    0x21, 0x0, 0x9, 0xb1, 0xc1, 0x30, 0x89, 0x5d,
    0xfe, 0xc3, 0x8, 0x3f, 0x1, 0xd5, 0x10, 0x1,
    0xe8, 0x85, 0x48, 0xa, 0x80, 0x70, 0xa8, 0x29,
    0x20, 0x70, 0x7, 0x84, 0x3, 0xff, 0xfe, 0x1,
    0xff, 0xc6,

    /* U+0E02 "ข" */
    0xef, 0xf6, 0x10, 0x6, 0xff, 0x31, 0x88, 0x1c,
    0x80, 0x7d, 0xbc, 0x80, 0xc0, 0x1f, 0xcc, 0xa,
    0x1, 0xfa, 0x8, 0x64, 0x3, 0xe2, 0x70, 0xb1,
    0x0, 0xfa, 0x0, 0x94, 0x3, 0xf3, 0x3, 0x80,
    0x7f, 0xf1, 0x44, 0x0, 0x6a, 0x8, 0x1, 0xc8,
    0x0, 0x7a, 0x1, 0xa1, 0x0, 0x25, 0x81, 0x91,
    0xc0, 0x2f, 0x7f, 0xac, 0x4b, 0x40, 0xf, 0x8c,
    0x40, 0x2, 0x7c, 0x10,

    /* U+0E03 "ฃ" */
    0xed, 0x9, 0xf4, 0x0, 0xbb, 0xe4, 0xca, 0x10,
    0x3, 0xf5, 0x8a, 0x90, 0x38, 0x7, 0x9b, 0xac,
    0x4, 0xc0, 0x3e, 0x29, 0xb, 0x0, 0xfd, 0xe0,
    0xaa, 0x0, 0xf9, 0x88, 0x2c, 0x3, 0xf7, 0x81,
    0x8, 0x7, 0xff, 0x1c, 0x78, 0x8, 0x40, 0x31,
    0x8, 0x6b, 0x0, 0x34, 0x80, 0x5, 0xc0, 0x2a,
    0x34, 0x7, 0xbf, 0xed, 0x30, 0xd0, 0x2, 0xeb,
    0x10, 0x0, 0x9b, 0x8c, 0x0,

    /* U+0E04 "ค" */
    0x0, 0x9a, 0xfb, 0xfd, 0x90, 0x20, 0x10, 0xec,
    0xa0, 0x80, 0xd, 0xf9, 0x0, 0x14, 0x41, 0x3d,
    0xfe, 0xb2, 0xb, 0x12, 0x40, 0x96, 0x10, 0x2,
    0x78, 0x2, 0x50, 0x0, 0xe0, 0x1c, 0x46, 0x6,
    0x1, 0x8, 0x7, 0x98, 0x1c, 0x40, 0x9, 0x9f,
    0xe7, 0x0, 0xfd, 0x66, 0x0, 0xf0, 0xf, 0xc5,
    0x9f, 0xe8, 0x0, 0xfd, 0xc6, 0x1, 0xff, 0x18,
    0x7, 0xff, 0x5c,

    /* U+0E05 "ฅ" */
    0x2, 0xbf, 0xf5, 0xb, 0xf7, 0xea, 0x80, 0x39,
    0x0, 0xb, 0x90, 0x20, 0x54, 0x46, 0x60, 0xaf,
    0x82, 0x4f, 0xe1, 0xa, 0x60, 0x2, 0x83, 0xdc,
    0x80, 0xa8, 0x19, 0x80, 0x39, 0x8, 0x0, 0x20,
    0xe2, 0x1, 0xff, 0xc3, 0x4c, 0xff, 0x38, 0x7,
    0xeb, 0x30, 0x7, 0x80, 0x7e, 0x2c, 0xff, 0x40,
    0x7, 0xee, 0x30, 0xf, 0xf8, 0xc0, 0x3f, 0xfa,
    0xe0,

    /* U+0E06 "ฆ" */
    0xed, 0x9, 0xf4, 0x0, 0x8b, 0xfc, 0xa6, 0x50,
    0x80, 0x1f, 0xd6, 0x2a, 0x40, 0xe0, 0x1f, 0x37,
    0x58, 0x9, 0x80, 0x7e, 0x19, 0x8, 0x0, 0xfe,
    0xd0, 0x46, 0x0, 0xfc, 0xa6, 0x12, 0x1, 0xfd,
    0x80, 0x44, 0x0, 0xfe, 0x30, 0xf, 0xf8, 0x40,
    0x4, 0x80, 0x1c, 0x80, 0x6, 0x0, 0xad, 0xc4,
    0x0, 0x90, 0x4, 0x40, 0x2, 0x2c, 0x77, 0x3e,
    0xc4, 0x38, 0x3, 0x55, 0xa0, 0x0, 0x5b, 0x4c,
    0x0,

    /* U+0E07 "ง" */
    0x0, 0xec, 0xff, 0x6c, 0x88, 0x4, 0x20, 0x11,
    0x0, 0x9, 0xbc, 0x82, 0xfa, 0xc0, 0x1f, 0xf5,
    0x8, 0xbc, 0x34, 0x10, 0x40, 0x40, 0xb, 0x60,
    0x4a, 0xe0, 0x7, 0x0, 0xe5, 0x10, 0xc1, 0x40,
    0xd0, 0xf, 0x10, 0x10, 0x68, 0x20, 0x80, 0x73,
    0x83, 0x83, 0x80, 0x1c, 0x3, 0x98, 0x18, 0x4,
    0xc3, 0x40, 0x30, 0x90, 0x68, 0x2, 0x81, 0x4,
    0x2, 0xb0, 0x3, 0x0, 0x1c, 0x0, 0x80, 0x76,
    0xa1, 0x22, 0x0, 0x13, 0xa, 0xfc, 0x40, 0x86,
    0x0, 0xd4, 0x1, 0x13, 0xeb, 0x80, 0x0,

    /* U+0E08 "จ" */
    0x49, 0xce, 0xff, 0x75, 0x28, 0x6, 0xa6, 0x31,
    0x0, 0xa, 0xd6, 0x10, 0x1, 0xaf, 0xbf, 0xee,
    0x80, 0x3f, 0x0, 0x42, 0x8, 0x4, 0x2f, 0x80,
    0x4e, 0x1, 0xfc, 0x68, 0x16, 0x1, 0xfe, 0x30,
    0x30, 0x2f, 0xf2, 0x0, 0x77, 0x80, 0x44, 0x21,
    0x80, 0x1d, 0xc0, 0x40, 0x4, 0x4, 0x0, 0xe7,
    0x7, 0x0, 0x60, 0x18, 0x6, 0x81, 0x8, 0x0,
    0x20, 0x1, 0x0, 0xed, 0xc2, 0x8, 0x0, 0x42,
    0x17, 0xf8, 0x81, 0x2e, 0x1, 0x90, 0x0, 0x26,
    0xfc, 0xc0, 0x10,

    /* U+0E09 "ฉ" */
    0x49, 0xcd, 0xff, 0x76, 0x40, 0x80, 0x54, 0xc6,
    0x40, 0x1, 0x37, 0xe5, 0x0, 0x35, 0xef, 0xfe,
    0xb2, 0xa, 0x20, 0x84, 0x20, 0xc, 0x98, 0x0,
    0xb0, 0xf, 0xe1, 0x60, 0x70, 0x36, 0x50, 0xf,
    0x70, 0x8, 0x54, 0xc0, 0x7, 0x84, 0x3, 0xff,
    0x8c, 0x60, 0x1f, 0xee, 0x1, 0x10, 0x7, 0x50,
    0x4, 0x80, 0xa, 0x10, 0x1, 0xe1, 0x80, 0x46,
    0xc0, 0x9d, 0xcf, 0xc2, 0x70, 0xd, 0x32, 0x30,
    0x12, 0x7f, 0xd0, 0x8,

    /* U+0E0A "ช" */
    0xef, 0xf6, 0x10, 0x4, 0xbf, 0xe5, 0x31, 0x3,
    0x90, 0x1, 0xd0, 0x42, 0xef, 0x20, 0x30, 0x16,
    0x83, 0x38, 0x4, 0xc0, 0xa0, 0xa2, 0x0, 0x10,
    0x4, 0x10, 0xc8, 0x2c, 0xb, 0x60, 0x13, 0x85,
    0x88, 0x13, 0xe0, 0x13, 0x40, 0x12, 0x80, 0x62,
    0x30, 0xd6, 0x7, 0x0, 0xf3, 0x3, 0x80, 0x4,
    0x3, 0xcc, 0xe, 0xa0, 0xa0, 0x1c, 0x26, 0x19,
    0x40, 0x36, 0x40, 0x3, 0xc0, 0x16, 0x39, 0x4,
    0xdf, 0xf6, 0x10, 0xd0, 0x83, 0x6b, 0x10, 0x0,
    0x9f, 0xd0, 0x0,

    /* U+0E0B "ซ" */
    0xed, 0x9, 0xf4, 0x0, 0x1f, 0xf9, 0xcc, 0xa1,
    0x0, 0x22, 0xd0, 0x67, 0xb1, 0x52, 0x7, 0x1f,
    0x14, 0x90, 0x6e, 0xb0, 0x13, 0x52, 0x1, 0x20,
    0x1, 0x48, 0x58, 0x2c, 0x92, 0xe0, 0x87, 0x82,
    0xa8, 0x5, 0xb0, 0x45, 0xc, 0x41, 0x60, 0x18,
    0x5c, 0x13, 0xc0, 0x84, 0x3, 0x84, 0x8, 0x3,
    0xf8, 0x40, 0x78, 0x8, 0x40, 0x39, 0xc1, 0x18,
    0x1, 0xa6, 0x0, 0x2b, 0x10, 0x91, 0xb0, 0x3c,
    0xff, 0x6a, 0x5, 0x18, 0x27, 0x39, 0x0, 0x9,
    0xb5, 0x40,

    /* U+0E0C "ฌ" */
    0x0, 0x9a, 0xfb, 0xfd, 0x8e, 0x1, 0xf8, 0x7f,
    0xca, 0x7, 0xb2, 0x82, 0x0, 0x38, 0xe1, 0x0,
    0xff, 0x26, 0x11, 0x2f, 0xfe, 0xa0, 0x1a, 0x0,
    0xff, 0x78, 0xe, 0xa0, 0x4, 0xb0, 0x8, 0x20,
    0x1f, 0xd2, 0x2, 0xa0, 0x1c, 0x80, 0x5, 0x0,
    0xfe, 0x24, 0xe, 0x0, 0xe1, 0x0, 0xff, 0xff,
    0x18, 0x7, 0xff, 0xf, 0x0, 0x39, 0xc0, 0xc,
    0x1, 0x28, 0x80, 0x7c, 0xf4, 0x40, 0x3, 0x80,
    0x13, 0x3, 0x1, 0xef, 0x40, 0xe, 0x75, 0xdf,
    0xf6, 0x10, 0x50, 0x2, 0x50, 0x3, 0xfa, 0xf5,
    0x84, 0x5, 0x71, 0x0,

    /* U+0E0D "ญ" */
    0x0, 0x9a, 0xfb, 0xfd, 0x90, 0x20, 0x1f, 0xbb,
    0xe0, 0xf, 0x65, 0x4, 0x0, 0x6f, 0xe4, 0x1,
    0xfe, 0x4c, 0x23, 0xbf, 0xfa, 0x80, 0x78, 0x3,
    0xfd, 0xc0, 0x38, 0x80, 0x12, 0xc0, 0x19, 0x0,
    0x7f, 0x58, 0xb, 0x0, 0x72, 0x0, 0x18, 0x3,
    0xf8, 0x50, 0x34, 0x3, 0x84, 0x3, 0xff, 0x92,
    0x60, 0x2, 0x0, 0xf0, 0x87, 0x80, 0x7f, 0x8,
    0x83, 0x0, 0x39, 0x40, 0x6, 0x1, 0xfe, 0x60,
    0x57, 0x0, 0x96, 0xc0, 0x90, 0x3, 0xfd, 0x8,
    0x11, 0xfd, 0xf4, 0x20, 0x46, 0x1, 0x28, 0x80,
    0x7a, 0xe5, 0x4, 0x63, 0x73, 0x9, 0x3, 0x1,
    0xef, 0x40, 0xe, 0x6b, 0xef, 0xec, 0x84, 0x6,
    0x9, 0x40, 0xf, 0xce, 0xc4, 0x1, 0x95, 0x81,
    0x0, 0x6f, 0xfe, 0x40, 0xd, 0x93, 0xbf, 0xdc,
    0xfa, 0x13, 0x80, 0xf, 0xfa, 0xa1, 0x4, 0x62,
    0x5b, 0xc0,

    /* U+0E0E "ฎ" */
    0x0, 0x8a, 0x37, 0xbf, 0xad, 0x80, 0x3a, 0x75,
    0xc8, 0x40, 0x52, 0x74, 0x40, 0x16, 0xc0, 0xdb,
    0xfe, 0xe8, 0x2, 0xb0, 0x34, 0x8, 0x92, 0x0,
    0xb, 0xb8, 0x14, 0x4e, 0x82, 0x8, 0x3, 0xb0,
    0x0, 0x40, 0xa6, 0x10, 0x1, 0xce, 0x0, 0x70,
    0xf, 0xff, 0x68, 0x90, 0x7, 0xfd, 0xdc, 0x10,
    0xd0, 0xf, 0xfe, 0x2, 0xb8, 0x7, 0xf7, 0x7f,
    0xa8, 0x3, 0xff, 0xa0, 0xd9, 0xfe, 0xda, 0x50,
    0xf, 0x4c, 0x8c, 0x4, 0x96, 0x40, 0x3e, 0x8d,
    0xfe, 0xfb, 0x40, 0xf, 0x4b, 0x90, 0x4, 0x97,
    0xfe, 0x40,

    /* U+0E0F "ฏ" */
    0x0, 0x8a, 0x37, 0xbf, 0xad, 0x80, 0x3a, 0x75,
    0xc8, 0x40, 0x52, 0x70, 0x40, 0x16, 0xc0, 0xdb,
    0xfe, 0xe8, 0x3, 0xb0, 0x34, 0x8, 0x92, 0x0,
    0xb, 0xb0, 0x28, 0x1d, 0x4, 0x10, 0x7, 0x68,
    0x0, 0xc1, 0x4c, 0x20, 0x3, 0x9c, 0x0, 0xe0,
    0x1f, 0xfe, 0xd1, 0x20, 0xf, 0xfb, 0xb8, 0x21,
    0xa0, 0x1f, 0xfc, 0x5, 0x70, 0xf, 0xee, 0xff,
    0x50, 0x7, 0xff, 0x10, 0x50, 0x40, 0x3f, 0xe8,
    0xbe, 0x70, 0xe, 0x1b, 0x65, 0x96, 0x0, 0x46,
    0x80, 0x72, 0x4d, 0x30, 0x5e, 0xa0, 0x80, 0x61,
    0xd9, 0x8a, 0xe4, 0x2b, 0xb3, 0xb9, 0x80,

    /* U+0E10 "ฐ" */
    0x0, 0xfe, 0x28, 0x81, 0xa4, 0xe7, 0x7f, 0xb6,
    0x9b, 0x1c, 0xcd, 0x4c, 0x62, 0x0, 0x25, 0x91,
    0x3b, 0x6, 0xbe, 0xff, 0xba, 0x0, 0x2, 0x0,
    0x84, 0x10, 0x8, 0x5f, 0x0, 0x9c, 0x3, 0xf8,
    0xd0, 0x2c, 0x3, 0xfc, 0x60, 0x60, 0x5f, 0xe4,
    0x0, 0xef, 0x0, 0x88, 0x43, 0x0, 0x3b, 0x80,
    0x80, 0x8, 0x8, 0x1, 0xce, 0xe, 0x0, 0xc0,
    0x30, 0xd, 0x2, 0x10, 0x0, 0x40, 0x2, 0x1,
    0xdb, 0x84, 0x10, 0x0, 0x84, 0x2f, 0xf1, 0x2,
    0x5c, 0x3, 0x20, 0x0, 0x4d, 0xf9, 0x80, 0x3a,
    0xbf, 0xdd, 0x90, 0x20, 0x1f, 0xfc, 0x18, 0x96,
    0x0, 0xe2, 0xfe, 0x60, 0x56, 0xc0, 0x86, 0x45,
    0xf0, 0x39, 0xc3, 0x0, 0x8e, 0x6e, 0x89, 0xb6,
    0x48, 0x40, 0x2b, 0xa8, 0x86, 0x48, 0x37, 0xc3,
    0xf8, 0x0,

    /* U+0E11 "ฑ" */
    0xed, 0x9, 0xf5, 0x8d, 0xfe, 0xa1, 0x3, 0x22,
    0x82, 0x9c, 0x80, 0x57, 0x2, 0xc7, 0xd0, 0xa,
    0xff, 0xd0, 0x4, 0x6d, 0xd0, 0x0, 0xc4, 0x0,
    0x38, 0x1, 0x40, 0x6c, 0x18, 0x40, 0x3c, 0x21,
    0x2, 0x28, 0x0, 0xfc, 0x2c, 0x12, 0x20, 0x1f,
    0x94, 0x0, 0xa0, 0x1f, 0xc2, 0x1, 0xff, 0xf4,

    /* U+0E12 "ฒ" */
    0x0, 0x26, 0x7e, 0xa9, 0x5f, 0xf5, 0x88, 0x7,
    0x87, 0xfc, 0xa0, 0xb6, 0x60, 0x55, 0x88, 0x2,
    0x9a, 0x1, 0xfe, 0x1a, 0x4, 0xfe, 0x11, 0x5f,
    0xc0, 0x19, 0x0, 0x7f, 0x38, 0x2, 0x80, 0x76,
    0xd0, 0x14, 0x0, 0xc0, 0x1f, 0xd8, 0x6, 0x20,
    0x3, 0x40, 0x1, 0x80, 0x4, 0x3, 0xf9, 0xc1,
    0x80, 0x3f, 0xf9, 0x6, 0x6, 0x1, 0xff, 0xdf,
    0x20, 0x50, 0xf, 0xfe, 0x45, 0x81, 0x98, 0x3,
    0xfb, 0x80, 0x39, 0x0, 0xc, 0xc1, 0xd, 0x50,
    0xf, 0xc9, 0x64, 0x0, 0x38, 0x1, 0x31, 0xd1,
    0x15, 0x7f, 0x7a, 0x80, 0x67, 0x4d, 0xff, 0x61,
    0x5, 0x0, 0xf, 0xe0, 0xc0, 0x40, 0x3d, 0x9c,
    0xc4, 0x2, 0x98, 0x80,

    /* U+0E13 "ณ" */
    0x0, 0x9a, 0xfb, 0xfd, 0x90, 0x20, 0x1f, 0xf,
    0xf9, 0x40, 0xf6, 0x50, 0x40, 0x6, 0xfe, 0x40,
    0x1f, 0xe4, 0xc2, 0x25, 0xff, 0xd4, 0x3, 0xc0,
    0x1f, 0xef, 0x1, 0xd4, 0x0, 0x96, 0x0, 0xc8,
    0x3, 0xfa, 0x40, 0x54, 0x3, 0x90, 0x0, 0xc0,
    0x1f, 0xc4, 0x81, 0xc0, 0x1c, 0x20, 0x1f, 0xff,
    0x53, 0x0, 0x8, 0x7, 0xff, 0x1, 0xc0, 0x38,
    0x40, 0x1a, 0x1, 0xc8, 0x1, 0xe2, 0x10, 0xe,
    0x40, 0x75, 0x0, 0xb, 0xd0, 0x6, 0x30, 0x1e,
    0xf4, 0x0, 0xa4, 0x42, 0xbf, 0xb9, 0xe, 0x1,
    0xa5, 0x0, 0x3e, 0x2f, 0x61, 0x0, 0x25, 0xc0,
    0x4,

    /* U+0E14 "ด" */
    0x0, 0x8e, 0x77, 0xbf, 0xad, 0x80, 0x3a, 0x31,
    0x88, 0x40, 0x52, 0x74, 0x40, 0x10, 0xe0, 0xbb,
    0xfe, 0xe8, 0x2, 0xd0, 0x37, 0x7, 0xa2, 0x0,
    0xb, 0xc8, 0x1a, 0x50, 0xc, 0x0, 0x79, 0x80,
    0x18, 0xa0, 0x80, 0x1f, 0x88, 0x8, 0x80, 0x60,
    0x1f, 0xfc, 0xd2, 0x5, 0x0, 0xff, 0xac, 0xc,
    0xc0, 0x1f, 0xe6, 0x10, 0xd5, 0x0, 0xfe, 0x1d,
    0x11, 0x57, 0xf7, 0xa8, 0x7, 0x8f, 0xdc, 0xc0,
    0x40, 0x3e,

    /* U+0E15 "ต" */
    0x0, 0x26, 0x7f, 0x30, 0xcf, 0x7e, 0x20, 0x1,
    0x2c, 0xc0, 0x67, 0x18, 0x40, 0xec, 0x42, 0x80,
    0xfb, 0xcc, 0xa3, 0xf0, 0x0, 0xcc, 0x10, 0xe1,
    0xe, 0xa7, 0x3, 0x20, 0xec, 0x3, 0x20, 0x1,
    0x28, 0x7, 0x1b, 0x82, 0x80, 0x7f, 0xc6, 0x2,
    0x1, 0xff, 0xc1, 0x10, 0xf, 0xf8, 0x81, 0x40,
    0x3f, 0xeb, 0x3, 0x20, 0xf, 0xf3, 0x8, 0x62,
    0x0, 0x7f, 0xe, 0x88, 0xaf, 0xfb, 0xd4, 0x3,
    0xc7, 0xee, 0x60, 0x20, 0x1f, 0x0,

    /* U+0E16 "ถ" */
    0x0, 0x96, 0xf7, 0xfd, 0xb2, 0x60, 0x11, 0xed,
    0x21, 0x0, 0x9, 0xb1, 0xc1, 0x30, 0x89, 0x5f,
    0xf6, 0x18, 0x41, 0xf8, 0xe, 0xa8, 0x4, 0x7a,
    0x21, 0x52, 0x2, 0xa0, 0x1c, 0x2a, 0xa, 0x48,
    0x1c, 0x1, 0xe1, 0x0, 0xff, 0xf6, 0xa8, 0x80,
    0x7f, 0x18, 0xf, 0x7a, 0x0, 0x7d, 0x28, 0x1,
    0xfe,

    /* U+0E17 "ท" */
    0x7f, 0xe0, 0x29, 0xdf, 0xeb, 0x40, 0xe, 0x7d,
    0x62, 0x1, 0x4b, 0x60, 0x8, 0x61, 0x77, 0xfd,
    0x84, 0x12, 0x20, 0x14, 0x51, 0x0, 0xf, 0x80,
    0xe, 0x1, 0x38, 0x7, 0x18, 0x3, 0x80, 0x3f,
    0xff, 0xe0, 0x1f, 0xfd, 0x10,

    /* U+0E18 "ธ" */
    0x2, 0x8c, 0xef, 0xf6, 0xd3, 0x0, 0x13, 0x5c,
    0xc4, 0x0, 0x4b, 0x30, 0x10, 0x5, 0x9f, 0xfb,
    0x1f, 0xc0, 0x81, 0xc, 0x3, 0x1c, 0x38, 0x38,
    0x34, 0x10, 0x7, 0xd2, 0xc0, 0xfb, 0xd2, 0xa0,
    0x1d, 0x3d, 0x2a, 0xd, 0x5f, 0x22, 0x6, 0x86,
    0xd5, 0xda, 0xe0, 0xda, 0x1b, 0x74, 0x1, 0x14,
    0x58, 0x19, 0xc0, 0x40, 0x1c, 0xc0, 0x7, 0x40,
    0x55, 0x0, 0x43, 0x20, 0x5, 0x82, 0xa, 0xfd,
    0xee, 0x20, 0x48, 0x8b, 0x69, 0x8, 0x82, 0x4b,
    0x8c, 0x0,

    /* U+0E19 "น" */
    0x7f, 0xf0, 0x7, 0xdf, 0xe8, 0x0, 0xff, 0xff,
    0x80, 0x7f, 0xf1, 0x4, 0x3, 0xff, 0x80, 0x40,
    0x4, 0x0, 0xe6, 0x0, 0x90, 0x42, 0x4c, 0x0,
    0x31, 0x20, 0x1a, 0x80, 0xb3, 0xfb, 0x8e, 0xe2,
    0x0, 0x93, 0x14, 0x40, 0xb, 0x90, 0x1, 0x0,

    /* U+0E1A "บ" */
    0x7f, 0xf0, 0x7, 0xd3, 0xfc, 0x1, 0xff, 0xff,
    0x0, 0x84, 0x3, 0xfe, 0x33, 0x0, 0x8, 0x3,
    0xc4, 0x2, 0x80, 0xa, 0x0, 0xe1, 0x40, 0x41,
    0x60, 0x77, 0x8, 0x0, 0xf0, 0x6, 0x42, 0x50,
    0x23, 0xb9, 0xf8, 0x43, 0xa2, 0x0, 0xba, 0x51,
    0x18, 0xe3, 0xcc, 0x0,

    /* U+0E1B "ป" */
    0x0, 0xff, 0x4f, 0xf0, 0x7, 0xff, 0x6d, 0xff,
    0xc0, 0x1f, 0xff, 0xf0, 0xf, 0xfe, 0x8, 0x80,
    0x7f, 0xc6, 0x60, 0x1, 0x0, 0x78, 0x80, 0x50,
    0x1, 0x40, 0x1c, 0x28, 0x8, 0x2c, 0xe, 0xe1,
    0x0, 0x1e, 0x0, 0x24, 0x25, 0x2, 0x3b, 0x9f,
    0x84, 0x36, 0x20, 0xb, 0xa5, 0x11, 0x8e, 0x3d,
    0x0,

    /* U+0E1C "ผ" */
    0x7, 0xef, 0xf0, 0x7, 0x47, 0xf1, 0xc0, 0x80,
    0x7f, 0x94, 0x1, 0x7e, 0x1, 0xf8, 0x40, 0x8,
    0x1, 0xff, 0xc2, 0x1e, 0x80, 0xf, 0xf5, 0x8b,
    0x90, 0x7, 0xe4, 0x53, 0x9, 0x0, 0xfd, 0x21,
    0xac, 0x8a, 0x1, 0xe7, 0x28, 0x18, 0x1b, 0x10,
    0xe, 0x82, 0x70, 0x18, 0x16, 0x0, 0xf4, 0x80,
    0x4c, 0x60, 0x1e, 0x54, 0x0, 0xde, 0x1, 0xeb,
    0x0, 0xe3, 0x60, 0x0,

    /* U+0E1D "ฝ" */
    0x0, 0xff, 0x47, 0xf0, 0x7, 0xff, 0x71, 0xfb,
    0xfc, 0x1, 0xf8, 0xe0, 0x40, 0x3f, 0xca, 0x0,
    0xbf, 0x0, 0xfc, 0x20, 0x4, 0x0, 0xff, 0xe1,
    0xf, 0x40, 0x7, 0xfa, 0xc5, 0xc8, 0x3, 0xf2,
    0x29, 0x84, 0x80, 0x7e, 0x90, 0xd6, 0x45, 0x0,
    0xf3, 0x94, 0xc, 0xd, 0x88, 0x7, 0x41, 0x38,
    0xc, 0xb, 0x0, 0x7a, 0x40, 0x26, 0x30, 0xf,
    0x2a, 0x0, 0x6f, 0x0, 0xf5, 0x80, 0x71, 0xb0,
    0x0,

    /* U+0E1E "พ" */
    0xf, 0xf3, 0x0, 0x6b, 0xf6, 0x0, 0xd7, 0xf6,
    0x6, 0x18, 0x1, 0x90, 0x34, 0x3, 0x20, 0x68,
    0x58, 0x20, 0x4, 0xa0, 0x4, 0x0, 0x8c, 0x0,
    0x80, 0x80, 0x24, 0x0, 0xc0, 0x20, 0x40, 0x2,
    0x1, 0x10, 0xc, 0x41, 0x0, 0xe, 0x12, 0x1a,
    0x0, 0xc0, 0x40, 0x9, 0x3, 0xc0, 0xc5, 0x50,
    0x10, 0x0, 0x81, 0x80, 0x16, 0x2, 0x5, 0x86,
    0x2, 0x11, 0xc, 0x0, 0xa0, 0x13, 0x81, 0xa,
    0x3, 0x86, 0x82, 0xa0, 0x18, 0x6, 0x12, 0x6,
    0x33, 0x8, 0x38, 0x66, 0x2, 0xc0, 0x39, 0x2,
    0x42, 0xc0, 0x2, 0x48, 0x80, 0x40, 0xe, 0xd0,
    0x10, 0x40, 0x9, 0x40, 0x2, 0x60, 0x1c, 0x80,
    0x1, 0x30, 0xb, 0x0, 0x8, 0x1, 0xf2, 0x3,
    0x80, 0x64, 0x0, 0x60, 0x4,

    /* U+0E1F "ฟ" */
    0x0, 0xff, 0xe2, 0x7f, 0x98, 0x3, 0xff, 0x86,
    0x60, 0x4, 0x0, 0xff, 0xe1, 0xa0, 0x9, 0x0,
    0x7f, 0xf0, 0xf4, 0x10, 0x1, 0xfe, 0x60, 0xd,
    0x7e, 0xc0, 0x19, 0x3, 0x0, 0x6, 0x18, 0x1,
    0x90, 0x34, 0x2, 0x21, 0x4, 0x0, 0x58, 0x20,
    0x4, 0xa0, 0x4, 0x0, 0x9c, 0x4, 0x80, 0x8,
    0x2, 0x40, 0xc, 0x2, 0x4, 0x0, 0x60, 0x20,
    0x4, 0x62, 0x8, 0x0, 0x70, 0x90, 0xd0, 0x2,
    0x6, 0x0, 0x64, 0xf, 0x3, 0x15, 0x40, 0x40,
    0x1, 0x2, 0x0, 0x6c, 0x4, 0xb, 0xc, 0x4,
    0x22, 0x20, 0x9, 0x0, 0x67, 0x2, 0x14, 0x7,
    0xd, 0x5, 0xc0, 0x40, 0xe, 0x12, 0x6, 0x33,
    0x8, 0x38, 0x61, 0x86, 0x0, 0x79, 0x2, 0x42,
    0xc0, 0x2, 0x48, 0x80, 0x40, 0xf, 0x68, 0x8,
    0x20, 0x4, 0xa0, 0x1, 0x20, 0xf, 0x20, 0x0,
    0x4c, 0x2, 0xc0, 0x2, 0x0, 0x7e, 0x40, 0x70,
    0xc, 0x80, 0xc, 0x0, 0xc0,

    /* U+0E20 "ภ" */
    0x0, 0x8a, 0x37, 0xbf, 0xad, 0x80, 0x3a, 0x75,
    0xc8, 0x40, 0x52, 0x70, 0x40, 0x16, 0xc0, 0xdb,
    0xfe, 0xe8, 0x3, 0xb0, 0x34, 0x8, 0x92, 0x0,
    0xb, 0xb8, 0x14, 0x4e, 0x82, 0x8, 0x3, 0xb0,
    0x0, 0x40, 0xa6, 0x10, 0x1, 0xce, 0x0, 0x70,
    0xf, 0xff, 0x68, 0x90, 0x7, 0xfd, 0xdc, 0x10,
    0xd0, 0xf, 0xfe, 0x2, 0xb8, 0x7, 0xf0,

    /* U+0E21 "ม" */
    0x7f, 0xf0, 0x7, 0xdf, 0xe8, 0x0, 0xff, 0xff,
    0x80, 0x7f, 0xf4, 0x3c, 0x2, 0x70, 0xe, 0x30,
    0x1, 0x0, 0x51, 0x22, 0x0, 0x3e, 0x0, 0x20,
    0x0, 0x61, 0xbb, 0x9f, 0x84, 0x14, 0x20, 0x13,
    0xe2, 0x80, 0x5, 0x31, 0x40,

    /* U+0E22 "ย" */
    0x3, 0xbe, 0xff, 0x38, 0x5, 0xbf, 0x29, 0x88,
    0x20, 0x1f, 0xde, 0x3, 0x9f, 0xe7, 0x0, 0xf3,
    0x82, 0x98, 0x7, 0xf5, 0x82, 0x20, 0x3, 0xf9,
    0xd8, 0x2f, 0xfc, 0xe0, 0x1f, 0xfc, 0x78, 0x60,
    0xaf, 0xf3, 0x80, 0x79, 0x41, 0x54, 0x1, 0xe2,
    0xe, 0x0, 0x8, 0x7, 0x90, 0x0, 0x88, 0x4,
    0x81, 0x0, 0x9a, 0x80, 0xcd, 0x26, 0xf, 0xdf,
    0xdf, 0x22, 0x7a, 0x0, 0xca, 0x51, 0x1, 0x12,
    0x4e, 0x8, 0x0,

    /* U+0E23 "ร" */
    0x1, 0x8d, 0xef, 0xeb, 0x60, 0x1, 0xf3, 0x90,
    0x80, 0xa4, 0xb8, 0x78, 0xd, 0xff, 0xd8, 0xc2,
    0x4, 0xe, 0x80, 0x11, 0xcb, 0x1, 0x2, 0x8,
    0x7, 0xde, 0x5, 0xd4, 0xa2, 0x1, 0x8f, 0x54,
    0x16, 0xba, 0xcc, 0x2, 0x2a, 0xfa, 0x50, 0x4c,
    0x70, 0xe, 0x5a, 0xe4, 0x8, 0x0, 0xf8, 0x7c,
    0x0, 0x56, 0xe4, 0x1, 0xb8, 0x0, 0x6d, 0x1b,
    0xfb, 0xde, 0xa1, 0x3, 0x90, 0x82, 0x42, 0x24,
    0xb7, 0x0,

    /* U+0E24 "ฤ" */
    0x0, 0x96, 0xf7, 0xfd, 0xb2, 0x40, 0x11, 0xed,
    0x21, 0x0, 0x9, 0xb5, 0x81, 0x30, 0x89, 0x5f,
    0xf6, 0x18, 0x49, 0xf8, 0xe, 0xa8, 0x4, 0x7a,
    0x0, 0xa9, 0x1, 0x50, 0xe, 0x14, 0x5, 0x24,
    0xe, 0x0, 0xf0, 0x80, 0x7f, 0xfb, 0x54, 0x40,
    0x3f, 0x8c, 0x7, 0xbd, 0x0, 0x3e, 0x94, 0x0,
    0xff, 0x86, 0xff, 0xe4, 0x0, 0xff, 0xf7, 0x0,

    /* U+0E25 "ล" */
    0x2, 0x8b, 0xdf, 0xf7, 0x52, 0x0, 0x6a, 0x74,
    0x20, 0x0, 0xad, 0xc8, 0x5, 0x95, 0xbf, 0xf6,
    0xb0, 0x33, 0x0, 0x8, 0xa4, 0x1, 0x14, 0x98,
    0x50, 0x7, 0xf9, 0x0, 0xc0, 0x27, 0xcf, 0xf7,
    0x63, 0x80, 0x61, 0xd8, 0x30, 0x0, 0x9c, 0x38,
    0x5, 0x4, 0x15, 0xff, 0x74, 0x98, 0x4, 0x80,
    0xaa, 0x0, 0x85, 0xac, 0x2, 0x30, 0x30, 0xf,
    0xf2, 0x3, 0x20, 0x7, 0xf4, 0x0, 0x2f, 0xfb,
    0x40, 0x3c, 0x5a, 0xc2, 0x2, 0x1, 0xf0,

    /* U+0E26 "ฦ" */
    0x0, 0x8a, 0x37, 0xbf, 0xad, 0x80, 0x3a, 0x75,
    0xc8, 0x40, 0x52, 0x70, 0x2, 0xb6, 0x6, 0xdf,
    0xf7, 0x40, 0x1d, 0x1, 0xa0, 0x44, 0x90, 0x0,
    0x5d, 0x81, 0x40, 0xe8, 0x20, 0x80, 0x3b, 0x40,
    0x6, 0xa, 0x61, 0x0, 0x1c, 0xe0, 0x7, 0x0,
    0xff, 0xf6, 0x89, 0x0, 0x7f, 0xdd, 0xc1, 0xd,
    0x0, 0xff, 0xe0, 0x2b, 0x80, 0x7f, 0x77, 0xfa,
    0x80, 0x3f, 0xfe, 0xc0,

    /* U+0E27 "ว" */
    0x28, 0xce, 0xff, 0x6c, 0x98, 0x5, 0xee, 0x62,
    0x0, 0x26, 0xc8, 0x0, 0x3d, 0x77, 0xfd, 0x66,
    0xf, 0x1, 0x4a, 0x20, 0x12, 0x62, 0x3, 0x90,
    0x7, 0xea, 0x0, 0x28, 0x7, 0xe1, 0x20, 0xd0,
    0xf, 0xe1, 0x1, 0x0, 0xfe, 0x10, 0x10, 0xf,
    0xc2, 0x41, 0xa0, 0x1f, 0xac, 0x0, 0xb4, 0x80,
    0x18, 0xed, 0x41, 0xc9, 0x2f, 0xfb, 0x9f, 0x88,
    0xd, 0x1, 0x8e, 0x60, 0x20, 0x4d, 0x92, 0x0,

    /* U+0E28 "ศ" */
    0x0, 0xff, 0x1c, 0xc8, 0xc0, 0x26, 0xbe, 0xfe,
    0xd8, 0xd6, 0x3, 0x1, 0xd9, 0x41, 0x1, 0x27,
    0x13, 0x90, 0x5, 0x10, 0x4f, 0x7f, 0xac, 0x80,
    0xc4, 0x9, 0x2, 0x58, 0x40, 0x9, 0xe0, 0x9,
    0x4, 0x0, 0x38, 0x7, 0x11, 0x81, 0x80, 0x61,
    0x0, 0xf3, 0x3, 0x80, 0x80, 0x13, 0x3f, 0xce,
    0x1, 0xfd, 0x66, 0x0, 0xf0, 0xf, 0xe2, 0xcf,
    0xf4, 0x0, 0x7f, 0x71, 0x80, 0x7f, 0xf0, 0xc,
    0x3, 0xff, 0xb4,

    /* U+0E29 "ษ" */
    0x7f, 0xf0, 0x7, 0xd3, 0xfc, 0x1, 0xff, 0xea,
    0x9f, 0xf3, 0x0, 0xfa, 0x0, 0x7c, 0x60, 0x1f,
    0xfc, 0x2a, 0xff, 0x30, 0xf, 0xa0, 0x80, 0x7f,
    0xc6, 0x0, 0x30, 0x1, 0x0, 0x78, 0x80, 0x40,
    0x8, 0x0, 0xa0, 0xe, 0x24, 0xb, 0x0, 0xb,
    0x3, 0xb8, 0x40, 0x9, 0xe0, 0x2c, 0x1, 0x4a,
    0x4, 0x77, 0x3e, 0xc8, 0x74, 0x40, 0x35, 0xd2,
    0x88, 0xc7, 0x1e, 0x60, 0x10,

    /* U+0E2A "ส" */
    0x0, 0xff, 0x1c, 0xc8, 0x80, 0xa2, 0xf7, 0xfd,
    0xb2, 0xb8, 0xc0, 0x41, 0x4e, 0x84, 0x0, 0x26,
    0xa0, 0x59, 0x0, 0x65, 0x6f, 0xfd, 0xac, 0x0,
    0xf0, 0x9, 0x14, 0x80, 0x22, 0x93, 0x9, 0x0,
    0xff, 0x90, 0xc, 0x3, 0x3e, 0x7f, 0xbb, 0x1c,
    0x3, 0x87, 0x60, 0xc0, 0x2, 0x70, 0xe0, 0x1a,
    0x8, 0x2b, 0xfe, 0xe9, 0x30, 0xc, 0x80, 0xaa,
    0x0, 0x85, 0xac, 0x3, 0x18, 0x18, 0x7, 0xfc,
    0x80, 0xc8, 0x1, 0xfe, 0x80, 0x5, 0xff, 0x68,
    0x7, 0xc5, 0xac, 0x20, 0x20, 0x1f, 0x80,

    /* U+0E2B "ห" */
    0x7f, 0xf0, 0x7, 0x2f, 0xfa, 0x0, 0x3f, 0x35,
    0x4, 0x40, 0x3, 0xe7, 0x90, 0x97, 0x0, 0xfa,
    0x20, 0x2, 0x20, 0xf, 0xa9, 0xc0, 0x45, 0x1a,
    0x20, 0x1a, 0xd4, 0x2f, 0xa8, 0xa, 0x0, 0x32,
    0xe, 0x20, 0x2b, 0x3, 0x0, 0x61, 0xc3, 0x0,
    0xbc, 0x0, 0x20, 0x17, 0x90, 0x6, 0x30, 0xf,
    0x8, 0x7, 0xff, 0x90,

    /* U+0E2C "ฬ" */
    0x0, 0xff, 0x5f, 0xf0, 0x80, 0x7f, 0x42, 0x6,
    0x88, 0x7, 0xe5, 0x70, 0x93, 0x0, 0xfe, 0xa0,
    0x24, 0x0, 0x3f, 0xf8, 0x3, 0x90, 0x4b, 0x50,
    0x3, 0xfa, 0xf8, 0xc2, 0x0, 0x3f, 0xeb, 0x3,
    0x0, 0xf9, 0x8c, 0x0, 0x40, 0x1, 0x0, 0xe4,
    0x9e, 0x0, 0xff, 0xa4, 0x9, 0xc0, 0x3f, 0x98,
    0x9c, 0xa0, 0x40, 0x3e, 0x18, 0x18, 0x90, 0xb0,
    0xf, 0xa0, 0x60, 0x11, 0xb, 0x80, 0x1e, 0x63,
    0x60, 0x4, 0x83, 0x0, 0x7d, 0xe0, 0x11, 0x30,
    0x7, 0xca, 0x60, 0x1a, 0x4, 0x3, 0xd6, 0x1,
    0xc3, 0x0, 0x10,

    /* U+0E2D "อ" */
    0x17, 0xbe, 0xff, 0x76, 0x38, 0x80, 0x5b, 0x8,
    0x20, 0x1, 0x38, 0xe6, 0x0, 0x5d, 0xbb, 0xfe,
    0xea, 0x30, 0x95, 0x7, 0x41, 0x0, 0x85, 0x70,
    0xc2, 0xc0, 0x3f, 0xd0, 0x2, 0x9b, 0xff, 0x98,
    0x2, 0x40, 0x1, 0x98, 0x3, 0xfe, 0xf0, 0x3,
    0xff, 0x98, 0x3, 0xdc, 0x1, 0xfc, 0xa0, 0x5,
    0x0, 0xfe, 0x80, 0x23, 0x0, 0x19, 0x0, 0x49,
    0x84, 0x12, 0x6, 0x9, 0xbf, 0xdf, 0x66, 0x14,
    0x81, 0xb4, 0xa4, 0x2, 0x23, 0x8e, 0x50, 0x0,

    /* U+0E2E "ฮ" */
    0x0, 0xff, 0x5f, 0xf0, 0x89, 0xef, 0xbf, 0xdb,
    0x6a, 0xe8, 0x1a, 0x3b, 0x8, 0x20, 0x2, 0x4a,
    0x80, 0x93, 0xb, 0xb7, 0x7f, 0xdd, 0x46, 0x0,
    0x50, 0x3, 0xa0, 0x80, 0x42, 0xb8, 0x61, 0xc0,
    0x1f, 0xf4, 0x1, 0x18, 0x6f, 0xfe, 0x60, 0x9,
    0x0, 0x8, 0x6, 0x1, 0xff, 0x78, 0x4, 0xff,
    0xe6, 0x0, 0xf7, 0x0, 0x7f, 0x94, 0x0, 0xa0,
    0x1f, 0xe8, 0x2, 0x30, 0x8, 0xc8, 0x2, 0x4c,
    0x20, 0x90, 0x1, 0x82, 0x6f, 0xf7, 0xd9, 0x85,
    0x20, 0x3, 0x69, 0x48, 0x4, 0x47, 0x1c, 0xa0,
    0x10,

    /* U+0E2F "ฯ" */
    0x0, 0x3e, 0xff, 0xb0, 0x17, 0xfc, 0x21, 0x50,
    0x40, 0x1f, 0x89, 0x41, 0x7b, 0xf4, 0x3, 0x9c,
    0x1, 0x2, 0x2, 0x1, 0xff, 0xc5, 0x70, 0x4,
    0x90, 0x13, 0x40, 0x4, 0x4e, 0x9, 0xbf, 0xb2,
    0x40, 0x1a, 0x2d, 0x8, 0x88, 0xf0, 0x1, 0xc9,
    0x7b, 0xab, 0x82, 0x0, 0xff, 0xf3, 0x80,

    /* U+0E30 "ะ" */
    0x78, 0x20, 0xa, 0x5d, 0x0, 0x22, 0x9, 0xff,
    0x6f, 0xb2, 0xac, 0x87, 0x35, 0x54, 0x80, 0x78,
    0x8c, 0x3, 0x66, 0x10, 0x2, 0x30, 0x9a, 0xa4,
    0xd8, 0x92, 0xa9, 0x0,

    /* U+0E31 "ั" */
    0x8, 0x80, 0x80, 0x7c, 0xee, 0x30, 0xf, 0xee,
    0xaa, 0xe5, 0x9, 0x13, 0x55, 0xec,

    /* U+0E32 "า" */
    0x4b, 0xdf, 0xf5, 0xa8, 0x3, 0x90, 0x80, 0x9,
    0x4e, 0x1d, 0xbf, 0xed, 0x40, 0x81, 0x42, 0x0,
    0x14, 0x80, 0x10, 0x3, 0x88, 0x0, 0x40, 0x1e,
    0x10, 0xf0, 0xf, 0xff, 0x98,

    /* U+0E33 "ำ" */
    0x8, 0xee, 0x30, 0x7, 0xf9, 0x9d, 0x4a, 0x4c,
    0x3, 0xfb, 0x6, 0xf4, 0x10, 0x3, 0xf8, 0x85,
    0x18, 0x8, 0x3, 0xfa, 0x4a, 0xe1, 0x14, 0x3,
    0xf8, 0x77, 0x31, 0x60, 0x1f, 0xfc, 0x3, 0x30,
    0x0, 0xeb, 0x7f, 0xd8, 0xa0, 0x1f, 0xa9, 0x48,
    0x0, 0x75, 0x0, 0x1f, 0x6e, 0x7f, 0xb9, 0x41,
    0xc8, 0x3, 0xc8, 0x60, 0x1, 0xb0, 0x2, 0x80,
    0x7f, 0xc2, 0x41, 0xc0, 0x1f, 0xff, 0xf0, 0xf,
    0xff, 0x8,

    /* U+0E34 "ิ" */
    0x9a, 0xaf, 0xe4, 0x65, 0x5f, 0xe2,

    /* U+0E35 "ี" */
    0x0, 0xfd, 0xbe, 0xc0, 0x1f, 0xf4, 0xd5, 0x7c,
    0x60, 0x6, 0x55, 0xf8, 0x40, 0x0,

    /* U+0E36 "ึ" */
    0x0, 0xfa, 0xba, 0xc4, 0x3, 0xd0, 0xfa, 0xf6,
    0x1, 0xe3, 0x53, 0xa7, 0x89, 0x9e, 0x65, 0x4a,
    0x76, 0x6f, 0x11, 0x2d, 0xec,

    /* U+0E37 "ื" */
    0x0, 0xc3, 0xf6, 0xb, 0xec, 0x1, 0xff, 0x44,
    0xcd, 0x0, 0xd3, 0xc0, 0x6, 0x6e, 0x2, 0x64,
    0x0, 0x0,

    /* U+0E38 "ุ" */
    0x4b, 0xb4, 0x80, 0xa2, 0x19, 0x55, 0xe4, 0x6,
    0x0, 0x10, 0x10, 0xe,

    /* U+0E39 "ู" */
    0x99, 0x40, 0x1, 0x25, 0x19, 0x8e, 0x60, 0x6c,
    0x7e, 0x80, 0x1f, 0x10, 0x59, 0x60, 0x10, 0x59,
    0x3e, 0xa2, 0x14, 0xb, 0x72, 0xf6, 0xc0,

    /* U+0E3A "ฺ" */
    0x6, 0x91, 0x14, 0xb4, 0x8a, 0xe, 0x0,

    /* U+0E3F "฿" */
    0x0, 0xe5, 0x83, 0x0, 0xff, 0xb9, 0xd4, 0x3,
    0xff, 0x90, 0xff, 0xf9, 0x2, 0x7f, 0xa4, 0x40,
    0x3f, 0xe1, 0x6f, 0x10, 0xd, 0xfe, 0x40, 0x9f,
    0x90, 0x18, 0x0, 0xff, 0x32, 0x2, 0x0, 0x7f,
    0xc4, 0x6, 0x1, 0xff, 0x10, 0x10, 0x7, 0xf0,
    0xba, 0x4, 0x80, 0x6f, 0xf2, 0x4, 0xf4, 0x4,
    0xa8, 0x7, 0xff, 0x2, 0x84, 0x3, 0x7f, 0x90,
    0x27, 0xa8, 0x4f, 0x0, 0x3f, 0x85, 0x68, 0x9,
    0x0, 0x3f, 0xc8, 0x0, 0x30, 0xf, 0xfe, 0x61,
    0x80, 0xc, 0x3, 0xf8, 0xf8, 0x5, 0x0, 0x2f,
    0xf2, 0x4, 0xfe, 0x10, 0x68, 0x7, 0xf8, 0x57,
    0x4c, 0x1f, 0xff, 0x20, 0x4f, 0xf5, 0x10, 0x7,
    0xff, 0x10,

    /* U+0E40 "เ" */
    0x7f, 0xf0, 0x7, 0xff, 0xb4, 0x40, 0x6, 0x0,
    0x50, 0x6, 0x78, 0x1b, 0x88, 0x4,

    /* U+0E41 "แ" */
    0x7f, 0xf0, 0x4, 0x9f, 0xe2, 0x0, 0xff, 0xff,
    0x80, 0x7f, 0xf5, 0xc4, 0x0, 0x60, 0x7, 0x0,
    0x20, 0x1, 0x40, 0x19, 0xe0, 0x40, 0x9, 0xf3,
    0x33, 0x88, 0x4, 0x32, 0x20, 0x10,

    /* U+0E42 "โ" */
    0xff, 0xfa, 0x40, 0x3f, 0x61, 0x1, 0xf7, 0xfa,
    0x4f, 0x4, 0xe4, 0x3, 0xb, 0x3, 0x0, 0x76,
    0x80, 0x88, 0x3, 0x8, 0x0, 0xc0, 0x3e, 0x10,
    0xf, 0xff, 0x83, 0x80, 0x14, 0x3, 0x10, 0x2,
    0x7c, 0xc0, 0x3, 0x22, 0x1, 0x0,

    /* U+0E43 "ใ" */
    0x6, 0xce, 0xfd, 0x60, 0x29, 0x31, 0x2, 0x96,
    0x39, 0xff, 0x71, 0x5, 0xb, 0x0, 0x5, 0xc0,
    0x40, 0x30, 0xa0, 0x28, 0x6, 0xd1, 0x38, 0x0,
    0xa0, 0xc7, 0x40, 0x21, 0x70, 0x91, 0x0, 0x94,
    0x0, 0xa0, 0x18, 0x40, 0x6, 0x1, 0xff, 0xe3,
    0x40, 0xc, 0xe0, 0xa, 0xf2, 0x0, 0x14, 0x8,
    0x4,

    /* U+0E44 "ไ" */
    0xff, 0xfa, 0x40, 0x3e, 0x1f, 0xfa, 0xc0, 0xd,
    0x0, 0x1, 0xa0, 0x69, 0x0, 0x9c, 0x42, 0x0,
    0x37, 0x0, 0x88, 0x3, 0x8, 0x18, 0x7, 0x18,
    0x7, 0xff, 0xcc, 0xc0, 0x88, 0x1, 0xbc, 0x1,
    0xba, 0x0, 0x99, 0x40, 0x30,

    /* U+0E45 "ๅ" */
    0x4b, 0xdf, 0xeb, 0x40, 0x7, 0x21, 0x0, 0xa5,
    0xb0, 0x76, 0x7f, 0xb5, 0x2, 0x45, 0xc, 0x0,
    0x52, 0x0, 0x40, 0xe, 0x20, 0x1, 0x0, 0x78,
    0x43, 0xc0, 0x3f, 0xff, 0xe0, 0x1f, 0xfd, 0x50,

    /* U+0E46 "ๆ" */
    0x0, 0x4f, 0x7d, 0x8b, 0xf7, 0xea, 0x80, 0x25,
    0x84, 0x13, 0x20, 0x40, 0xa8, 0xc5, 0x81, 0x7e,
    0x48, 0xff, 0x84, 0x29, 0x40, 0x12, 0xe, 0xef,
    0x1, 0x50, 0x22, 0x0, 0x8, 0x6, 0xc, 0x0,
    0x20, 0xe6, 0x0, 0x20, 0xf, 0xe4, 0x0, 0x79,
    0x1, 0x0, 0x78, 0x60, 0xf, 0x7f, 0x40, 0x3e,
    0x7b, 0x42, 0x22, 0x0, 0x7e, 0x4b, 0xdd, 0x58,
    0x7, 0xff, 0x84,

    /* U+0E47 "็" */
    0x0, 0xc2, 0x3c, 0x0, 0x3d, 0xfe, 0xee, 0xa0,
    0xd3, 0x9b, 0xbe, 0x82, 0x16, 0x62, 0xb, 0xa2,
    0x8, 0xc1, 0x5, 0x2b, 0xc8, 0x40, 0x60, 0xfa,
    0xdc, 0x77, 0x8c, 0x1f, 0xb3, 0xa3, 0x72, 0xcc,

    /* U+0E48 "่" */
    0xef, 0x71, 0x0, 0xfc,

    /* U+0E49 "้" */
    0x3b, 0xa5, 0x0, 0xe7, 0x45, 0xb0, 0xe, 0x4f,
    0x31, 0x99, 0xd0, 0x0, 0x70, 0x66, 0xe0,

    /* U+0E4A "๊" */
    0x3, 0x86, 0x7, 0x82, 0x8, 0x42, 0xc7, 0x9e,
    0x87, 0xf0, 0x6c, 0x50, 0xba, 0x1c, 0x82, 0x0,
    0xe5, 0x46, 0x33, 0x1, 0x8f, 0x98, 0x20, 0xc8,
    0x5, 0x82, 0xc9, 0x6e, 0x1, 0x2d, 0xe7, 0x8,

    /* U+0E4B "๋" */
    0x0, 0x19, 0x84, 0x2, 0xcc, 0x30, 0x3f, 0x80,
    0x23, 0xc4, 0x80, 0x2, 0x4d, 0xa0, 0x9, 0xd0,

    /* U+0E4C "์" */
    0x4, 0x89, 0x9e, 0x2, 0xb7, 0x66, 0xe0, 0x60,
    0x7, 0xff, 0x3, 0x3c, 0x0, 0x78,

    /* U+0E4D "ํ" */
    0x8, 0xee, 0x28, 0x33, 0xa9, 0x51, 0xe0, 0xde,
    0x82, 0x10, 0xa3, 0x1, 0x49, 0x5c, 0x22, 0x8e,
    0xe6, 0x2c, 0x0,

    /* U+0E4E "๎" */
    0x0, 0xd, 0xf5, 0x0, 0x19, 0x36, 0x40, 0x78,
    0x28, 0xc3, 0xd6, 0xf4, 0x4, 0x48, 0x85, 0x1,
    0x67, 0xff, 0x0, 0x27, 0xfb, 0x80,

    /* U+0E4F "๏" */
    0x0, 0x9b, 0x3b, 0xf6, 0x4, 0x3, 0xe, 0x49,
    0x9c, 0x4f, 0xe8, 0x1, 0x69, 0xae, 0x5d, 0xd2,
    0x36, 0x40, 0xa6, 0xbf, 0x93, 0x17, 0x94, 0x10,
    0x1c, 0x13, 0x65, 0xbc, 0xca, 0x6, 0xa0, 0xc2,
    0x3, 0x4, 0x32, 0x1e, 0xa0, 0x40, 0x1f, 0xfc,
    0x16, 0x11, 0xa0, 0x86, 0x43, 0xd4, 0xb, 0x82,
    0xec, 0x5b, 0xcc, 0xa2, 0x6a, 0xa, 0x6d, 0x9b,
    0x31, 0x7f, 0x61, 0x0, 0xd, 0x36, 0xda, 0xca,
    0xa0, 0xd9, 0x0, 0x7, 0x24, 0xc9, 0xd, 0xfd,
    0x0, 0x0,

    /* U+0E50 "๐" */
    0x0, 0x96, 0xbb, 0xfb, 0x1c, 0x40, 0x30, 0xdd,
    0x28, 0x80, 0x9c, 0x7a, 0x0, 0x5a, 0x80, 0xfd,
    0xfe, 0xb2, 0x1b, 0x20, 0x53, 0xa, 0x81, 0x0,
    0x26, 0x8, 0x48, 0x70, 0x1a, 0x80, 0x70, 0xc0,
    0x20, 0xb0, 0x28, 0x7, 0xca, 0x0, 0x20, 0xf,
    0xfe, 0x13, 0x2, 0x80, 0x7c, 0xa0, 0x2, 0xe0,
    0x34, 0x0, 0xe1, 0x80, 0x41, 0x53, 0xb, 0x70,
    0x9, 0x30, 0x42, 0x0, 0x1a, 0x81, 0x1f, 0xdf,
    0x64, 0x36, 0x60, 0x1, 0xba, 0x41, 0x18, 0xe3,
    0xd0, 0x0,

    /* U+0E51 "๑" */
    0x0, 0xc, 0x67, 0xfb, 0xad, 0xc0, 0x39, 0x79,
    0xcc, 0x0, 0x29, 0x1c, 0x60, 0x2, 0xa0, 0x2b,
    0xff, 0xa8, 0x45, 0xa2, 0x10, 0x0, 0xc4, 0x0,
    0x97, 0x0, 0x64, 0x1c, 0x14, 0x40, 0x38, 0x94,
    0x14, 0xc, 0xc, 0x3, 0xed, 0x2, 0x2, 0x5,
    0x0, 0xff, 0xa8, 0xe, 0x0, 0x22, 0x0, 0x70,
    0x8, 0x32, 0x3, 0xff, 0x7d, 0x80, 0x10, 0x10,
    0x1, 0x72, 0x60, 0x25, 0x80, 0xe4, 0x10, 0x1,
    0x36, 0x7f, 0xb5, 0x26, 0x2, 0x8, 0x3, 0xc9,
    0x5c, 0xc1, 0x2e, 0x1, 0xf6, 0x28, 0x2e, 0xb0,
    0x7, 0xed, 0x9e, 0xa2, 0x0, 0xc0,

    /* U+0E52 "๒" */
    0x7f, 0xc0, 0xf, 0xfe, 0x2c, 0xff, 0x30, 0xdf,
    0xf3, 0x80, 0x74, 0xb0, 0xc, 0xe2, 0x0, 0xc3,
    0x0, 0x66, 0xb, 0xe2, 0x24, 0xfa, 0x86, 0x0,
    0x44, 0x2, 0x83, 0xd4, 0xc1, 0xa0, 0x20, 0x10,
    0x80, 0x63, 0x50, 0xc, 0xe0, 0x11, 0x80, 0xb0,
    0x7, 0xe1, 0x0, 0x9c, 0x27, 0xb6, 0x40, 0x33,
    0x90, 0x18, 0x44, 0x90, 0x90, 0x80, 0x38, 0x9,
    0x0, 0xe, 0xd, 0xbf, 0xe8, 0x2, 0x60, 0xd0,
    0x80, 0x89, 0x20, 0x8, 0x5f, 0x1, 0x10, 0xe,
    0xe0, 0x6d, 0xfe, 0xfe, 0x81, 0x5b, 0x0, 0xa3,
    0x5c, 0xc4, 0x62, 0x6c, 0xa0, 0x0,

    /* U+0E53 "๓" */
    0x0, 0x3e, 0xfe, 0xa9, 0xdf, 0xf4, 0x88, 0x2,
    0x60, 0x80, 0xab, 0x10, 0x5, 0xb4, 0xd, 0x82,
    0x3f, 0x0, 0x15, 0xf8, 0x6, 0x6a, 0x1, 0x70,
    0x30, 0x2, 0x81, 0x88, 0x2a, 0x81, 0x0, 0x3f,
    0xe2, 0x2, 0x0, 0xff, 0xe6, 0x90, 0x10, 0x5,
    0xe, 0x1, 0xe5, 0x4, 0x0, 0x9e, 0x0, 0x3d,
    0x40, 0x32, 0x1, 0xfe, 0x37, 0x6, 0xfe, 0xe0,
    0x7, 0xe8, 0xa3, 0x1, 0x10, 0x7, 0xc0,

    /* U+0E54 "๔" */
    0x0, 0xff, 0x9e, 0xc, 0x3, 0xfc, 0xf0, 0xe4,
    0x1, 0x14, 0x5e, 0xf7, 0x3e, 0x2, 0x44, 0x1,
    0x1a, 0xe8, 0x42, 0x32, 0x5b, 0x0, 0x25, 0xc1,
    0x2f, 0xbf, 0xdd, 0x68, 0x0, 0x36, 0x8, 0xb4,
    0x10, 0xf, 0xa4, 0x9, 0xc0, 0x3f, 0xce, 0x8,
    0x1, 0x8e, 0xfb, 0xf5, 0x80, 0xc0, 0x40, 0x24,
    0xc4, 0x10, 0x2f, 0x3, 0x2, 0x0, 0xb8, 0x1,
    0xbf, 0xe8, 0x4, 0x4, 0x0, 0x8c, 0xc, 0x80,
    0x2, 0x16, 0x3, 0x86, 0x16, 0x26, 0x80, 0x18,
    0xa8, 0xf, 0x3f, 0x44, 0x2f, 0xfe, 0x20, 0x5d,
    0x72, 0x0, 0xfe,

    /* U+0E55 "๕" */
    0x0, 0xff, 0xe3, 0x96, 0x7e, 0x10, 0x7, 0xf4,
    0x85, 0x84, 0x2, 0xb9, 0x0, 0x73, 0x22, 0x14,
    0x4e, 0xa0, 0xc0, 0x21, 0x60, 0x7b, 0x64, 0xc0,
    0x91, 0x0, 0x3f, 0x49, 0x2, 0x0, 0xa5, 0xb0,
    0x2, 0x60, 0x12, 0xfb, 0xfd, 0xd6, 0x80, 0x4,
    0x60, 0x8b, 0x41, 0x0, 0xfb, 0x80, 0x9c, 0x3,
    0xfc, 0xe0, 0x80, 0x18, 0xef, 0xbf, 0x58, 0xc,
    0x4, 0x2, 0x4c, 0x41, 0x2, 0xf0, 0x30, 0x20,
    0xb, 0x80, 0x1b, 0xfe, 0x80, 0x40, 0x40, 0x8,
    0xc0, 0xc8, 0x0, 0x21, 0x60, 0x38, 0x61, 0x62,
    0x68, 0x1, 0x8a, 0x80, 0xf3, 0xf4, 0x42, 0xff,
    0xe2, 0x5, 0xd7, 0x20, 0xf, 0xe0,

    /* U+0E56 "๖" */
    0x4f, 0xc0, 0xf, 0xfe, 0x2, 0x1, 0x80, 0x12,
    0xbb, 0xfa, 0xd8, 0x3, 0x18, 0x24, 0xda, 0x88,
    0xa, 0x4e, 0x0, 0x48, 0x12, 0xc7, 0x7f, 0xee,
    0x70, 0x3a, 0x0, 0x60, 0x11, 0xe2, 0x0, 0x6,
    0x18, 0x14, 0x81, 0x0, 0x1e, 0x1, 0xeb, 0x0,
    0x20, 0x3, 0x30, 0x60, 0x1e, 0x20, 0x7, 0x0,
    0xc, 0xc0, 0x1f, 0xfc, 0xa2, 0x0, 0x68, 0x7,
    0xfd, 0x60, 0x5, 0x0, 0x17, 0x39, 0x0, 0x45,
    0x4c, 0x12, 0x1, 0x18, 0x46, 0xff, 0x7e, 0xa8,
    0x43, 0x0, 0x43, 0xf0, 0x82, 0x20, 0x27, 0xd7,
    0x0, 0x0,

    /* U+0E57 "๗" */
    0x0, 0xff, 0xe1, 0xdf, 0xb8, 0x1, 0xf7, 0xf5,
    0x4f, 0x3f, 0xa4, 0x3, 0xe9, 0x82, 0x2, 0xac,
    0x30, 0x16, 0xa0, 0xe, 0x36, 0x8, 0xfb, 0x0,
    0x5f, 0xd8, 0x28, 0x80, 0x6a, 0x1, 0x70, 0x40,
    0x2, 0x2, 0x0, 0x8, 0x3, 0x28, 0x20, 0x7,
    0xf9, 0xc0, 0x31, 0x1, 0x0, 0x7f, 0xf5, 0x48,
    0x8, 0x2, 0x34, 0x0, 0xff, 0x28, 0x20, 0x5,
    0x96, 0x1, 0xfc, 0x34, 0x3, 0x20, 0x1f, 0xe3,
    0x40, 0x53, 0x70, 0x6f, 0xed, 0x0, 0xf5, 0xe0,
    0x29, 0x84, 0x51, 0x80, 0x90, 0x7, 0x84, 0xe6,
    0x80,

    /* U+0E58 "๘" */
    0x0, 0xff, 0x9e, 0xc, 0x3, 0xf8, 0x62, 0xe,
    0x40, 0x12, 0x56, 0xff, 0xdc, 0xe1, 0x42, 0x0,
    0xab, 0x52, 0x1, 0x23, 0x6c, 0x50, 0x5, 0x28,
    0x36, 0x7f, 0x6e, 0x49, 0x80, 0x11, 0x42, 0x64,
    0x60, 0x1f, 0xb8, 0x9, 0x80, 0x33, 0xf7, 0xe1,
    0x83, 0x82, 0x0, 0x77, 0x8, 0x1e, 0x9, 0x80,
    0x80, 0x74, 0x7f, 0x10, 0x49, 0x80, 0x74, 0x40,
    0xc0, 0x54, 0xd, 0x80, 0xc0, 0x27, 0x73, 0x0,
    0x76, 0x82, 0x20, 0x10, 0x1, 0x80, 0x2a, 0x6,
    0xc6, 0x17, 0xd6, 0x0, 0x7e, 0xe1, 0xc, 0x86,
    0x30, 0x88, 0xab, 0x10, 0x41, 0x30, 0x40,

    /* U+0E59 "๙" */
    0x0, 0xff, 0xe0, 0xcf, 0xb8, 0x1, 0xb7, 0xf9,
    0xcb, 0x3f, 0x9c, 0x58, 0x18, 0x22, 0x48, 0x6,
    0x34, 0xc0, 0x63, 0x41, 0x44, 0xdc, 0x23, 0xf0,
    0x0, 0x9f, 0xe3, 0x30, 0x48, 0x50, 0xb, 0x81,
    0xa8, 0x60, 0x2, 0xc0, 0xcc, 0xa, 0x8, 0x1,
    0x78, 0x60, 0x3, 0x82, 0x40, 0x4, 0x4, 0x1,
    0x20, 0x20, 0x3, 0x69, 0x40, 0x3f, 0x9, 0x82,
    0x2, 0x28, 0x4, 0x40, 0x20, 0x1a, 0xc3, 0x40,
    0x3c, 0xa0, 0x80, 0x19, 0x41, 0xc0, 0x3d, 0x40,
    0x52, 0x1, 0x10, 0x88, 0x80, 0x38, 0xdc, 0x1b,
    0xfd, 0x40, 0xe0, 0xa0, 0x1e, 0x8a, 0x30, 0xd,
    0xa1, 0x60, 0x1c,

    /* U+0E5A "๚" */
    0x0, 0x3e, 0xff, 0xb0, 0x17, 0xfc, 0x20, 0x1b,
    0xbe, 0x42, 0xa0, 0x80, 0x3f, 0xf8, 0x64, 0xa0,
    0xbd, 0xfa, 0x1, 0xff, 0xc0, 0x70, 0x4, 0x8,
    0x8, 0x7, 0xff, 0x4d, 0xc0, 0x12, 0x40, 0x4d,
    0x0, 0x6, 0x10, 0x3a, 0x10, 0x1, 0x38, 0x26,
    0xfe, 0xc9, 0x0, 0x23, 0xbf, 0x14, 0x3, 0x45,
    0xa1, 0x11, 0x1e, 0x0, 0x6, 0x46, 0xb6, 0x20,
    0x19, 0x2f, 0x75, 0x70, 0x40, 0xd, 0xd6, 0x52,
    0x0, 0x7f, 0xff, 0xc0, 0x30,

    /* U+0E5B "๛" */
    0x0, 0xc, 0x6f, 0xfb, 0x1c, 0x3, 0xff, 0x8c,
    0x5e, 0xe4, 0x20, 0x71, 0x80, 0x1f, 0xfc, 0x5f,
    0x16, 0xee, 0x7e, 0x9, 0xb8, 0x5e, 0x30, 0x3b,
    0x84, 0x3, 0xe6, 0x23, 0x91, 0x0, 0x1d, 0x85,
    0x82, 0x1d, 0xc, 0x41, 0x23, 0xd0, 0x3, 0x68,
    0x48, 0x7, 0x38, 0x10, 0x4, 0x68, 0x0, 0xf3,
    0xf, 0x49, 0x90, 0xb0, 0x38, 0x7, 0x8, 0x18,
    0x0, 0xc2, 0x1, 0x51, 0x49, 0x25, 0x98, 0x66,
    0x3, 0x4, 0x40, 0x17, 0x82, 0x10, 0x29, 0x10,
    0xfc, 0x45, 0x20, 0x59, 0xe4, 0x40, 0x50, 0x2b,
    0xfd, 0x31, 0x85, 0xc, 0x40, 0x45, 0x0, 0x22,
    0x89, 0x80, 0x2c, 0x3c, 0x11, 0x4, 0x6f, 0xe7,
    0x2, 0xba, 0x38, 0x13, 0x1, 0x5c, 0x1, 0x30,
    0xa5, 0x8d, 0xee, 0x4b, 0xe0, 0x50, 0x27, 0x20,
    0x33, 0x80, 0x78, 0x74, 0x53, 0x3f, 0xba, 0x91,
    0xa4, 0x0, 0xff, 0xe1, 0x1f, 0xc1, 0x88, 0x80,
    0xe3, 0x94, 0x3, 0xff, 0x84
};


/*---------------------
 *  GLYPH DESCRIPTION
 *--------------------*/

static const lv_font_fmt_txt_glyph_dsc_t glyph_dsc[] = {
    {.bitmap_index = 0, .adv_w = 0, .box_w = 0, .box_h = 0, .ofs_x = 0, .ofs_y = 0} /* id = 0 reserved */,
    {.bitmap_index = 0, .adv_w = 142, .box_w = 0, .box_h = 0, .ofs_x = 0, .ofs_y = 0},
    {.bitmap_index = 0, .adv_w = 80, .box_w = 3, .box_h = 17, .ofs_x = 1, .ofs_y = 0},
    {.bitmap_index = 12, .adv_w = 130, .box_w = 7, .box_h = 5, .ofs_x = 1, .ofs_y = 12},
    {.bitmap_index = 22, .adv_w = 293, .box_w = 17, .box_h = 17, .ofs_x = 1, .ofs_y = 0},
    {.bitmap_index = 135, .adv_w = 215, .box_w = 12, .box_h = 22, .ofs_x = 1, .ofs_y = -2},
    {.bitmap_index = 238, .adv_w = 340, .box_w = 20, .box_h = 17, .ofs_x = 1, .ofs_y = 0},
    {.bitmap_index = 380, .adv_w = 297, .box_w = 17, .box_h = 17, .ofs_x = 1, .ofs_y = 0},
    {.bitmap_index = 505, .adv_w = 68, .box_w = 3, .box_h = 5, .ofs_x = 1, .ofs_y = 12},
    {.bitmap_index = 510, .adv_w = 127, .box_w = 7, .box_h = 22, .ofs_x = 1, .ofs_y = -5},
    {.bitmap_index = 579, .adv_w = 127, .box_w = 7, .box_h = 22, .ofs_x = 0, .ofs_y = -5},
    {.bitmap_index = 648, .adv_w = 167, .box_w = 9, .box_h = 8, .ofs_x = 1, .ofs_y = 9},
    {.bitmap_index = 683, .adv_w = 157, .box_w = 8, .box_h = 8, .ofs_x = 1, .ofs_y = 3},
    {.bitmap_index = 704, .adv_w = 106, .box_w = 5, .box_h = 5, .ofs_x = 1, .ofs_y = -4},
    {.bitmap_index = 717, .adv_w = 157, .box_w = 8, .box_h = 3, .ofs_x = 1, .ofs_y = 6},
    {.bitmap_index = 724, .adv_w = 71, .box_w = 3, .box_h = 3, .ofs_x = 1, .ofs_y = 0},
    {.bitmap_index = 729, .adv_w = 183, .box_w = 10, .box_h = 17, .ofs_x = 1, .ofs_y = 0},
    {.bitmap_index = 791, .adv_w = 258, .box_w = 15, .box_h = 17, .ofs_x = 1, .ofs_y = 0},
    {.bitmap_index = 897, .adv_w = 139, .box_w = 7, .box_h = 17, .ofs_x = 1, .ofs_y = 0},
    {.bitmap_index = 920, .adv_w = 223, .box_w = 12, .box_h = 17, .ofs_x = 1, .ofs_y = 0},
    {.bitmap_index = 999, .adv_w = 220, .box_w = 12, .box_h = 17, .ofs_x = 1, .ofs_y = 0},
    {.bitmap_index = 1081, .adv_w = 231, .box_w = 14, .box_h = 17, .ofs_x = 0, .ofs_y = 0},
    {.bitmap_index = 1147, .adv_w = 219, .box_w = 12, .box_h = 17, .ofs_x = 1, .ofs_y = 0},
    {.bitmap_index = 1228, .adv_w = 234, .box_w = 13, .box_h = 17, .ofs_x = 1, .ofs_y = 0},
    {.bitmap_index = 1328, .adv_w = 209, .box_w = 13, .box_h = 17, .ofs_x = 0, .ofs_y = 0},
    {.bitmap_index = 1396, .adv_w = 231, .box_w = 13, .box_h = 17, .ofs_x = 1, .ofs_y = 0},
    {.bitmap_index = 1501, .adv_w = 234, .box_w = 13, .box_h = 17, .ofs_x = 1, .ofs_y = 0},
    {.bitmap_index = 1602, .adv_w = 77, .box_w = 3, .box_h = 12, .ofs_x = 1, .ofs_y = 0},
    {.bitmap_index = 1616, .adv_w = 106, .box_w = 5, .box_h = 15, .ofs_x = 1, .ofs_y = -3},
    {.bitmap_index = 1642, .adv_w = 209, .box_w = 11, .box_h = 14, .ofs_x = 1, .ofs_y = 1},
    {.bitmap_index = 1703, .adv_w = 201, .box_w = 11, .box_h = 7, .ofs_x = 1, .ofs_y = 4},
    {.bitmap_index = 1720, .adv_w = 209, .box_w = 11, .box_h = 14, .ofs_x = 1, .ofs_y = 1},
    {.bitmap_index = 1781, .adv_w = 198, .box_w = 11, .box_h = 17, .ofs_x = 1, .ofs_y = 0},
    {.bitmap_index = 1850, .adv_w = 349, .box_w = 20, .box_h = 19, .ofs_x = 1, .ofs_y = -2},
    {.bitmap_index = 2026, .adv_w = 286, .box_w = 16, .box_h = 17, .ofs_x = 1, .ofs_y = 0},
    {.bitmap_index = 2128, .adv_w = 249, .box_w = 14, .box_h = 17, .ofs_x = 1, .ofs_y = 0},
    {.bitmap_index = 2203, .adv_w = 273, .box_w = 15, .box_h = 17, .ofs_x = 1, .ofs_y = 0},
    {.bitmap_index = 2303, .adv_w = 270, .box_w = 15, .box_h = 17, .ofs_x = 1, .ofs_y = 0},
    {.bitmap_index = 2389, .adv_w = 217, .box_w = 12, .box_h = 17, .ofs_x = 1, .ofs_y = 0},
    {.bitmap_index = 2424, .adv_w = 212, .box_w = 12, .box_h = 17, .ofs_x = 1, .ofs_y = 0},
    {.bitmap_index = 2451, .adv_w = 275, .box_w = 16, .box_h = 17, .ofs_x = 1, .ofs_y = 0},
    {.bitmap_index = 2558, .adv_w = 268, .box_w = 15, .box_h = 17, .ofs_x = 1, .ofs_y = 0},
    {.bitmap_index = 2588, .adv_w = 89, .box_w = 4, .box_h = 17, .ofs_x = 1, .ofs_y = 0},
    {.bitmap_index = 2593, .adv_w = 143, .box_w = 8, .box_h = 17, .ofs_x = 0, .ofs_y = 0},
    {.bitmap_index = 2617, .adv_w = 257, .box_w = 15, .box_h = 17, .ofs_x = 1, .ofs_y = 0},
    {.bitmap_index = 2699, .adv_w = 210, .box_w = 12, .box_h = 17, .ofs_x = 1, .ofs_y = 0},
    {.bitmap_index = 2719, .adv_w = 319, .box_w = 18, .box_h = 17, .ofs_x = 1, .ofs_y = 0},
    {.bitmap_index = 2821, .adv_w = 263, .box_w = 14, .box_h = 17, .ofs_x = 1, .ofs_y = 0},
    {.bitmap_index = 2892, .adv_w = 317, .box_w = 18, .box_h = 17, .ofs_x = 1, .ofs_y = 0},
    {.bitmap_index = 3017, .adv_w = 232, .box_w = 13, .box_h = 17, .ofs_x = 1, .ofs_y = 0},
    {.bitmap_index = 3073, .adv_w = 314, .box_w = 19, .box_h = 17, .ofs_x = 1, .ofs_y = 0},
    {.bitmap_index = 3201, .adv_w = 239, .box_w = 13, .box_h = 17, .ofs_x = 1, .ofs_y = 0},
    {.bitmap_index = 3277, .adv_w = 215, .box_w = 12, .box_h = 17, .ofs_x = 1, .ofs_y = 0},
    {.bitmap_index = 3366, .adv_w = 225, .box_w = 14, .box_h = 17, .ofs_x = 0, .ofs_y = 0},
    {.bitmap_index = 3394, .adv_w = 268, .box_w = 15, .box_h = 17, .ofs_x = 1, .ofs_y = 0},
    {.bitmap_index = 3451, .adv_w = 286, .box_w = 16, .box_h = 17, .ofs_x = 1, .ofs_y = 0},
    {.bitmap_index = 3555, .adv_w = 384, .box_w = 22, .box_h = 17, .ofs_x = 1, .ofs_y = 0},
    {.bitmap_index = 3718, .adv_w = 281, .box_w = 16, .box_h = 17, .ofs_x = 1, .ofs_y = 0},
    {.bitmap_index = 3827, .adv_w = 269, .box_w = 15, .box_h = 17, .ofs_x = 1, .ofs_y = 0},
    {.bitmap_index = 3900, .adv_w = 237, .box_w = 13, .box_h = 17, .ofs_x = 1, .ofs_y = 0},
    {.bitmap_index = 3971, .adv_w = 117, .box_w = 6, .box_h = 22, .ofs_x = 1, .ofs_y = -2},
    {.bitmap_index = 3992, .adv_w = 182, .box_w = 10, .box_h = 17, .ofs_x = 1, .ofs_y = 0},
    {.bitmap_index = 4052, .adv_w = 117, .box_w = 7, .box_h = 22, .ofs_x = 0, .ofs_y = -2},
    {.bitmap_index = 4075, .adv_w = 210, .box_w = 12, .box_h = 8, .ofs_x = 1, .ofs_y = 9},
    {.bitmap_index = 4116, .adv_w = 187, .box_w = 10, .box_h = 3, .ofs_x = 1, .ofs_y = -2},
    {.bitmap_index = 4124, .adv_w = 102, .box_w = 5, .box_h = 5, .ofs_x = 1, .ofs_y = 14},
    {.bitmap_index = 4137, .adv_w = 218, .box_w = 12, .box_h = 12, .ofs_x = 1, .ofs_y = 0},
    {.bitmap_index = 4205, .adv_w = 253, .box_w = 14, .box_h = 18, .ofs_x = 1, .ofs_y = 0},
    {.bitmap_index = 4281, .adv_w = 210, .box_w = 12, .box_h = 12, .ofs_x = 1, .ofs_y = 0},
    {.bitmap_index = 4340, .adv_w = 253, .box_w = 14, .box_h = 18, .ofs_x = 1, .ofs_y = 0},
    {.bitmap_index = 4419, .adv_w = 233, .box_w = 13, .box_h = 12, .ofs_x = 1, .ofs_y = 0},
    {.bitmap_index = 4487, .adv_w = 136, .box_w = 9, .box_h = 19, .ofs_x = 0, .ofs_y = 0},
    {.bitmap_index = 4531, .adv_w = 253, .box_w = 14, .box_h = 17, .ofs_x = 1, .ofs_y = -5},
    {.bitmap_index = 4633, .adv_w = 230, .box_w = 12, .box_h = 18, .ofs_x = 1, .ofs_y = 0},
    {.bitmap_index = 4673, .adv_w = 96, .box_w = 4, .box_h = 17, .ofs_x = 1, .ofs_y = 0},
    {.bitmap_index = 4689, .adv_w = 96, .box_w = 7, .box_h = 22, .ofs_x = -2, .ofs_y = -5},
    {.bitmap_index = 4726, .adv_w = 218, .box_w = 12, .box_h = 18, .ofs_x = 1, .ofs_y = 0},
    {.bitmap_index = 4784, .adv_w = 89, .box_w = 3, .box_h = 18, .ofs_x = 1, .ofs_y = 0},
    {.bitmap_index = 4790, .adv_w = 333, .box_w = 19, .box_h = 12, .ofs_x = 1, .ofs_y = 0},
    {.bitmap_index = 4844, .adv_w = 230, .box_w = 12, .box_h = 12, .ofs_x = 1, .ofs_y = 0},
    {.bitmap_index = 4878, .adv_w = 245, .box_w = 14, .box_h = 12, .ofs_x = 1, .ofs_y = 0},
    {.bitmap_index = 4953, .adv_w = 253, .box_w = 14, .box_h = 17, .ofs_x = 1, .ofs_y = -5},
    {.bitmap_index = 5031, .adv_w = 253, .box_w = 14, .box_h = 17, .ofs_x = 1, .ofs_y = -5},
    {.bitmap_index = 5108, .adv_w = 153, .box_w = 8, .box_h = 12, .ofs_x = 1, .ofs_y = 0},
    {.bitmap_index = 5131, .adv_w = 188, .box_w = 10, .box_h = 12, .ofs_x = 1, .ofs_y = 0},
    {.bitmap_index = 5190, .adv_w = 144, .box_w = 9, .box_h = 16, .ofs_x = 0, .ofs_y = 0},
    {.bitmap_index = 5231, .adv_w = 230, .box_w = 12, .box_h = 12, .ofs_x = 1, .ofs_y = 0},
    {.bitmap_index = 5266, .adv_w = 225, .box_w = 12, .box_h = 12, .ofs_x = 1, .ofs_y = 0},
    {.bitmap_index = 5330, .adv_w = 314, .box_w = 18, .box_h = 12, .ofs_x = 1, .ofs_y = 0},
    {.bitmap_index = 5433, .adv_w = 237, .box_w = 13, .box_h = 12, .ofs_x = 1, .ofs_y = 0},
    {.bitmap_index = 5502, .adv_w = 225, .box_w = 13, .box_h = 16, .ofs_x = 1, .ofs_y = -4},
    {.bitmap_index = 5586, .adv_w = 192, .box_w = 10, .box_h = 12, .ofs_x = 1, .ofs_y = 0},
    {.bitmap_index = 5633, .adv_w = 132, .box_w = 8, .box_h = 22, .ofs_x = 0, .ofs_y = -2},
    {.bitmap_index = 5684, .adv_w = 74, .box_w = 3, .box_h = 23, .ofs_x = 1, .ofs_y = -3},
    {.bitmap_index = 5689, .adv_w = 132, .box_w = 7, .box_h = 22, .ofs_x = 1, .ofs_y = -2},
    {.bitmap_index = 5738, .adv_w = 211, .box_w = 12, .box_h = 4, .ofs_x = 1, .ofs_y = 7},
    {.bitmap_index = 5762, .adv_w = 246, .box_w = 13, .box_h = 13, .ofs_x = 1, .ofs_y = 0},
    {.bitmap_index = 5804, .adv_w = 223, .box_w = 12, .box_h = 13, .ofs_x = 1, .ofs_y = 0},
    {.bitmap_index = 5864, .adv_w = 226, .box_w = 12, .box_h = 13, .ofs_x = 1, .ofs_y = 0},
    {.bitmap_index = 5925, .adv_w = 245, .box_w = 13, .box_h = 13, .ofs_x = 1, .ofs_y = 0},
    {.bitmap_index = 5984, .adv_w = 245, .box_w = 13, .box_h = 13, .ofs_x = 1, .ofs_y = 0},
    {.bitmap_index = 6041, .adv_w = 238, .box_w = 13, .box_h = 13, .ofs_x = 1, .ofs_y = 0},
    {.bitmap_index = 6106, .adv_w = 238, .box_w = 13, .box_h = 13, .ofs_x = 1, .ofs_y = 0},
    {.bitmap_index = 6185, .adv_w = 225, .box_w = 13, .box_h = 13, .ofs_x = 1, .ofs_y = 0},
    {.bitmap_index = 6260, .adv_w = 233, .box_w = 13, .box_h = 13, .ofs_x = 1, .ofs_y = 0},
    {.bitmap_index = 6328, .adv_w = 224, .box_w = 12, .box_h = 13, .ofs_x = 1, .ofs_y = 0},
    {.bitmap_index = 6403, .adv_w = 227, .box_w = 12, .box_h = 13, .ofs_x = 1, .ofs_y = 0},
    {.bitmap_index = 6477, .adv_w = 382, .box_w = 22, .box_h = 13, .ofs_x = 1, .ofs_y = 0},
    {.bitmap_index = 6561, .adv_w = 386, .box_w = 22, .box_h = 15, .ofs_x = 1, .ofs_y = -2},
    {.bitmap_index = 6683, .adv_w = 253, .box_w = 14, .box_h = 19, .ofs_x = 1, .ofs_y = -6},
    {.bitmap_index = 6765, .adv_w = 253, .box_w = 14, .box_h = 19, .ofs_x = 1, .ofs_y = -6},
    {.bitmap_index = 6852, .adv_w = 232, .box_w = 13, .box_h = 20, .ofs_x = 1, .ofs_y = -6},
    {.bitmap_index = 6966, .adv_w = 240, .box_w = 13, .box_h = 13, .ofs_x = 1, .ofs_y = 0},
    {.bitmap_index = 7014, .adv_w = 399, .box_w = 23, .box_h = 13, .ofs_x = 1, .ofs_y = 0},
    {.bitmap_index = 7114, .adv_w = 382, .box_w = 22, .box_h = 13, .ofs_x = 1, .ofs_y = 0},
    {.bitmap_index = 7203, .adv_w = 259, .box_w = 14, .box_h = 13, .ofs_x = 1, .ofs_y = 0},
    {.bitmap_index = 7269, .adv_w = 259, .box_w = 14, .box_h = 13, .ofs_x = 1, .ofs_y = 0},
    {.bitmap_index = 7339, .adv_w = 246, .box_w = 13, .box_h = 13, .ofs_x = 1, .ofs_y = 0},
    {.bitmap_index = 7388, .adv_w = 241, .box_w = 13, .box_h = 13, .ofs_x = 1, .ofs_y = 0},
    {.bitmap_index = 7425, .adv_w = 214, .box_w = 12, .box_h = 13, .ofs_x = 1, .ofs_y = 0},
    {.bitmap_index = 7499, .adv_w = 241, .box_w = 13, .box_h = 13, .ofs_x = 1, .ofs_y = 0},
    {.bitmap_index = 7539, .adv_w = 247, .box_w = 13, .box_h = 13, .ofs_x = 1, .ofs_y = 0},
    {.bitmap_index = 7583, .adv_w = 247, .box_w = 13, .box_h = 17, .ofs_x = 1, .ofs_y = 0},
    {.bitmap_index = 7632, .adv_w = 247, .box_w = 13, .box_h = 13, .ofs_x = 1, .ofs_y = 0},
    {.bitmap_index = 7692, .adv_w = 247, .box_w = 13, .box_h = 17, .ofs_x = 1, .ofs_y = 0},
    {.bitmap_index = 7757, .adv_w = 299, .box_w = 18, .box_h = 13, .ofs_x = 0, .ofs_y = 0},
    {.bitmap_index = 7866, .adv_w = 291, .box_w = 19, .box_h = 17, .ofs_x = 0, .ofs_y = 0},
    {.bitmap_index = 7999, .adv_w = 253, .box_w = 14, .box_h = 13, .ofs_x = 1, .ofs_y = 0},
    {.bitmap_index = 8054, .adv_w = 241, .box_w = 13, .box_h = 13, .ofs_x = 1, .ofs_y = 0},
    {.bitmap_index = 8091, .adv_w = 242, .box_w = 13, .box_h = 13, .ofs_x = 1, .ofs_y = 0},
    {.bitmap_index = 8158, .adv_w = 196, .box_w = 11, .box_h = 13, .ofs_x = 1, .ofs_y = 0},
    {.bitmap_index = 8224, .adv_w = 246, .box_w = 13, .box_h = 18, .ofs_x = 1, .ofs_y = -5},
    {.bitmap_index = 8280, .adv_w = 233, .box_w = 13, .box_h = 13, .ofs_x = 1, .ofs_y = 0},
    {.bitmap_index = 8351, .adv_w = 253, .box_w = 14, .box_h = 18, .ofs_x = 1, .ofs_y = -5},
    {.bitmap_index = 8411, .adv_w = 221, .box_w = 12, .box_h = 13, .ofs_x = 1, .ofs_y = 0},
    {.bitmap_index = 8475, .adv_w = 247, .box_w = 14, .box_h = 14, .ofs_x = 1, .ofs_y = 0},
    {.bitmap_index = 8542, .adv_w = 252, .box_w = 15, .box_h = 13, .ofs_x = 1, .ofs_y = 0},
    {.bitmap_index = 8603, .adv_w = 239, .box_w = 14, .box_h = 14, .ofs_x = 1, .ofs_y = 0},
    {.bitmap_index = 8682, .adv_w = 235, .box_w = 13, .box_h = 13, .ofs_x = 1, .ofs_y = 0},
    {.bitmap_index = 8734, .adv_w = 252, .box_w = 14, .box_h = 17, .ofs_x = 1, .ofs_y = 0},
    {.bitmap_index = 8817, .adv_w = 234, .box_w = 13, .box_h = 13, .ofs_x = 1, .ofs_y = 0},
    {.bitmap_index = 8889, .adv_w = 237, .box_w = 14, .box_h = 14, .ofs_x = 1, .ofs_y = 0},
    {.bitmap_index = 8970, .adv_w = 203, .box_w = 12, .box_h = 13, .ofs_x = 0, .ofs_y = 0},
    {.bitmap_index = 9017, .adv_w = 127, .box_w = 6, .box_h = 10, .ofs_x = 1, .ofs_y = 1},
    {.bitmap_index = 9045, .adv_w = 0, .box_w = 10, .box_h = 4, .ofs_x = -9, .ofs_y = 15},
    {.bitmap_index = 9059, .adv_w = 161, .box_w = 9, .box_h = 13, .ofs_x = 0, .ofs_y = 0},
    {.bitmap_index = 9088, .adv_w = 163, .box_w = 15, .box_h = 19, .ofs_x = -6, .ofs_y = 0},
    {.bitmap_index = 9154, .adv_w = 0, .box_w = 11, .box_h = 2, .ofs_x = -12, .ofs_y = 15},
    {.bitmap_index = 9160, .adv_w = 0, .box_w = 11, .box_h = 4, .ofs_x = -12, .ofs_y = 15},
    {.bitmap_index = 9174, .adv_w = 0, .box_w = 11, .box_h = 5, .ofs_x = -12, .ofs_y = 15},
    {.bitmap_index = 9195, .adv_w = 0, .box_w = 11, .box_h = 4, .ofs_x = -12, .ofs_y = 15},
    {.bitmap_index = 9213, .adv_w = 0, .box_w = 5, .box_h = 5, .ofs_x = -6, .ofs_y = -6},
    {.bitmap_index = 9225, .adv_w = 0, .box_w = 8, .box_h = 6, .ofs_x = -9, .ofs_y = -7},
    {.bitmap_index = 9248, .adv_w = 0, .box_w = 4, .box_h = 3, .ofs_x = -5, .ofs_y = -4},
    {.bitmap_index = 9255, .adv_w = 249, .box_w = 14, .box_h = 22, .ofs_x = 1, .ofs_y = -2},
    {.bitmap_index = 9353, .adv_w = 114, .box_w = 6, .box_h = 13, .ofs_x = 1, .ofs_y = 0},
    {.bitmap_index = 9367, .adv_w = 213, .box_w = 12, .box_h = 13, .ofs_x = 1, .ofs_y = 0},
    {.bitmap_index = 9397, .adv_w = 127, .box_w = 8, .box_h = 18, .ofs_x = 0, .ofs_y = 0},
    {.bitmap_index = 9435, .adv_w = 116, .box_w = 8, .box_h = 18, .ofs_x = -1, .ofs_y = 0},
    {.bitmap_index = 9484, .adv_w = 127, .box_w = 8, .box_h = 18, .ofs_x = 0, .ofs_y = 0},
    {.bitmap_index = 9521, .adv_w = 161, .box_w = 9, .box_h = 18, .ofs_x = 0, .ofs_y = -5},
    {.bitmap_index = 9553, .adv_w = 230, .box_w = 13, .box_h = 13, .ofs_x = 0, .ofs_y = 0},
    {.bitmap_index = 9612, .adv_w = 0, .box_w = 10, .box_h = 7, .ofs_x = -12, .ofs_y = 14},
    {.bitmap_index = 9644, .adv_w = 0, .box_w = 3, .box_h = 4, .ofs_x = -4, .ofs_y = 15},
    {.bitmap_index = 9648, .adv_w = 0, .box_w = 9, .box_h = 4, .ofs_x = -9, .ofs_y = 15},
    {.bitmap_index = 9663, .adv_w = 0, .box_w = 11, .box_h = 6, .ofs_x = -12, .ofs_y = 14},
    {.bitmap_index = 9695, .adv_w = 0, .box_w = 6, .box_h = 5, .ofs_x = -7, .ofs_y = 15},
    {.bitmap_index = 9711, .adv_w = 0, .box_w = 9, .box_h = 4, .ofs_x = -8, .ofs_y = 14},
    {.bitmap_index = 9725, .adv_w = 0, .box_w = 6, .box_h = 6, .ofs_x = -6, .ofs_y = 14},
    {.bitmap_index = 9744, .adv_w = 0, .box_w = 6, .box_h = 7, .ofs_x = -8, .ofs_y = 14},
    {.bitmap_index = 9766, .adv_w = 229, .box_w = 13, .box_h = 12, .ofs_x = 1, .ofs_y = 0},
    {.bitmap_index = 9840, .adv_w = 246, .box_w = 14, .box_h = 12, .ofs_x = 1, .ofs_y = 0},
    {.bitmap_index = 9914, .adv_w = 242, .box_w = 14, .box_h = 14, .ofs_x = 1, .ofs_y = -2},
    {.bitmap_index = 10000, .adv_w = 277, .box_w = 15, .box_h = 13, .ofs_x = 1, .ofs_y = 0},
    {.bitmap_index = 10086, .adv_w = 255, .box_w = 14, .box_h = 12, .ofs_x = 1, .ofs_y = 0},
    {.bitmap_index = 10149, .adv_w = 242, .box_w = 14, .box_h = 14, .ofs_x = 1, .ofs_y = 0},
    {.bitmap_index = 10232, .adv_w = 242, .box_w = 14, .box_h = 16, .ofs_x = 1, .ofs_y = 0},
    {.bitmap_index = 10326, .adv_w = 250, .box_w = 15, .box_h = 13, .ofs_x = 0, .ofs_y = 0},
    {.bitmap_index = 10408, .adv_w = 320, .box_w = 18, .box_h = 13, .ofs_x = 1, .ofs_y = 0},
    {.bitmap_index = 10489, .adv_w = 253, .box_w = 14, .box_h = 14, .ofs_x = 1, .ofs_y = 0},
    {.bitmap_index = 10576, .adv_w = 277, .box_w = 16, .box_h = 13, .ofs_x = 1, .ofs_y = 0},
    {.bitmap_index = 10667, .adv_w = 322, .box_w = 19, .box_h = 13, .ofs_x = 0, .ofs_y = 0},
    {.bitmap_index = 10736, .adv_w = 436, .box_w = 26, .box_h = 12, .ofs_x = 1, .ofs_y = 0}
};

/*---------------------
 *  CHARACTER MAPPING
 *--------------------*/



/*Collect the unicode lists and glyph_id offsets*/
static const lv_font_fmt_txt_cmap_t cmaps[] =
{
    {
        .range_start = 32, .range_length = 95, .glyph_id_start = 1,
        .unicode_list = NULL, .glyph_id_ofs_list = NULL, .list_length = 0, .type = LV_FONT_FMT_TXT_CMAP_FORMAT0_TINY
    },
    {
        .range_start = 3585, .range_length = 58, .glyph_id_start = 96,
        .unicode_list = NULL, .glyph_id_ofs_list = NULL, .list_length = 0, .type = LV_FONT_FMT_TXT_CMAP_FORMAT0_TINY
    },
    {
        .range_start = 3647, .range_length = 29, .glyph_id_start = 154,
        .unicode_list = NULL, .glyph_id_ofs_list = NULL, .list_length = 0, .type = LV_FONT_FMT_TXT_CMAP_FORMAT0_TINY
    }
};

/*-----------------
 *    KERNING
 *----------------*/


/*Map glyph_ids to kern left classes*/
static const uint8_t kern_left_class_mapping[] =
{
    0, 0, 0, 0, 0, 0, 0, 0,
    0, 0, 0, 0, 0, 1, 0, 2,
    0, 3, 0, 0, 0, 4, 5, 0,
    6, 0, 0, 0, 0, 0, 0, 0,
    0, 0, 7, 8, 9, 10, 11, 12,
    13, 14, 15, 16, 17, 18, 19, 20,
    21, 22, 23, 24, 25, 26, 27, 28,
    29, 30, 31, 32, 0, 0, 0, 0,
    0, 0, 33, 34, 35, 36, 37, 38,
    39, 40, 41, 42, 43, 44, 40, 40,
    45, 46, 47, 48, 49, 50, 51, 52,
    53, 54, 55, 56, 0, 0, 0, 0,
    0, 0, 0, 0, 0, 0, 0, 0,
    0, 0, 0, 0, 0, 0, 0, 0,
    0, 0, 0, 0, 0, 0, 0, 0,
    0, 0, 0, 0, 0, 0, 0, 0,
    0, 0, 0, 0, 0, 0, 0, 0,
    0, 0, 0, 0, 0, 0, 0, 0,
    0, 0, 0, 0, 0, 0, 0, 0,
    0, 0, 0, 0, 0, 0, 0, 0,
    0, 0, 0, 0, 0, 0, 0, 0,
    0, 0, 0, 0, 0, 0, 0, 0,
    0, 0, 0, 0, 0, 0, 0
};

/*Map glyph_ids to kern right classes*/
static const uint8_t kern_right_class_mapping[] =
{
    0, 0, 0, 0, 0, 0, 0, 0,
    0, 0, 0, 0, 0, 1, 0, 0,
    0, 2, 3, 0, 0, 4, 0, 0,
    0, 0, 0, 0, 0, 0, 0, 0,
    0, 0, 5, 6, 7, 8, 9, 0,
    7, 0, 10, 11, 12, 0, 13, 14,
    15, 16, 17, 18, 19, 20, 21, 22,
    23, 24, 25, 26, 0, 0, 0, 0,
    0, 0, 27, 28, 29, 30, 31, 32,
    33, 34, 35, 36, 37, 38, 39, 39,
    40, 41, 30, 42, 43, 44, 45, 46,
    47, 48, 49, 50, 0, 0, 0, 0,
    0, 0, 0, 0, 0, 0, 0, 0,
    0, 0, 0, 0, 0, 0, 0, 0,
    0, 0, 0, 0, 0, 0, 0, 0,
    0, 0, 0, 0, 0, 0, 0, 0,
    0, 0, 0, 0, 0, 0, 0, 0,
    0, 0, 0, 0, 0, 0, 0, 0,
    0, 0, 0, 0, 0, 0, 0, 0,
    0, 0, 0, 0, 0, 0, 0, 0,
    0, 0, 0, 0, 0, 0, 0, 0,
    0, 0, 0, 0, 0, 0, 0, 0,
    0, 0, 0, 0, 0, 0, 0
};

/*Kern values between classes*/
static const int8_t kern_class_values[] =
{
    0, -10, -17, -21, 0, 0, 0, 0,
    0, 0, 0, 0, 0, 0, 0, 0,
    0, 0, 0, -25, 0, -17, 0, 0,
    -17, 0, 0, 0, 0, 0, 0, 0,
    0, 0, 0, 0, 0, 0, 0, 0,
    0, 0, 0, -12, 0, -25, -13, 0,
    -17, 0, 0, 0, 0, 0, 0, 0,
    0, 0, 0, 0, 0, 0, 0, 0,
    0, 0, 0, 0, 0, 0, 0, 0,
    0, 0, -36, 0, 0, 0, 0, 0,
    0, 0, 0, 0, 0, 0, 0, 0,
    0, 0, 0, 0, 0, 0, 0, 0,
    0, 0, 0, 0, -25, 0, 0, 0,
    0, 0, 0, 0, 0, 0, 0, 0,
    0, 0, 0, 0, 0, 0, 0, 0,
    0, 0, 0, 0, 0, 0, 0, 0,
    0, 0, 0, 0, 0, 0, 0, 0,
    0, 0, 0, 0, 0, 0, 0, 0,
    0, 0, 0, 0, 0, 0, -17, 0,
    0, 0, 0, 0, 0, 0, 0, 0,
    0, 0, 0, 0, 0, 0, 0, 0,
    0, 0, 0, 0, 0, 0, 0, 0,
    0, 0, 0, 0, 0, 0, 0, 0,
    0, 0, 0, 0, 0, 0, 0, 0,
    0, 0, 0, 0, 0, 0, 0, 0,
    -10, 0, 0, 0, 0, 0, 0, 0,
    0, 0, 0, 0, 0, 0, 0, 0,
    0, 0, 0, 0, 0, 0, 0, 0,
    0, 0, 0, 0, 0, 0, 0, 0,
    0, 0, 0, 0, 0, 0, 0, 0,
    0, 0, 0, 0, 0, 0, 0, 0,
    0, 0, -36, 0, 0, 0, 0, 0,
    0, 0, 0, 0, 0, 0, 0, 0,
    0, 0, 0, 0, 0, 0, 0, 0,
    0, 0, 0, 0, 0, 0, 0, 0,
    0, 0, 0, 0, 0, 0, 0, 0,
    0, 0, 0, 0, 0, 0, 0, 0,
    0, 0, 0, 0, -17, 0, 0, 0,
    -13, 0, -21, 0, 0, 0, -2, 0,
    -10, 0, -25, 0, -25, 0, -17, -48,
    -25, -52, -40, -17, -52, -6, -13, 0,
    -17, -17, 0, 0, 0, 0, 0, -6,
    0, 0, 0, -25, 0, 0, -13, -25,
    -13, -33, -33, -17, -33, -13, -21, 0,
    0, 0, -25, 0, -6, 0, 0, 0,
    0, 0, 0, 0, -10, 0, -10, 0,
    -17, -10, 0, -29, -10, -17, -29, -8,
    0, 0, 0, 0, 0, 0, 0, 0,
    0, -6, 0, 0, 0, 0, 0, 0,
    0, 0, 0, -13, -13, -13, -17, -13,
    -17, 0, 0, 0, -10, 0, -10, 0,
    0, 0, 0, 0, 0, 0, -10, 0,
    -10, 0, 0, -2, 0, -13, -13, -13,
    -17, 0, -6, 0, -6, -6, 0, -6,
    0, 0, 0, -10, 0, 0, 0, -10,
    0, -10, -10, -10, -10, -17, -17, -13,
    -21, -2, -21, 0, 0, 0, -25, 0,
    -10, -6, 0, 0, -17, 0, 0, 0,
    0, 0, 0, 0, -17, -21, 0, -25,
    -21, -29, -36, -17, -12, 0, -12, -12,
    0, -10, 0, 0, 0, -17, 0, 0,
    0, -12, 0, 0, -17, 0, -10, -17,
    -17, -21, -13, -13, 0, 0, 0, 0,
    0, 0, -6, 0, 0, 0, 0, 0,
    0, 0, -6, 0, -6, 0, 0, 0,
    0, -2, -6, -2, -10, 0, -6, 0,
    -10, -10, 0, -13, 0, 0, 0, -2,
    0, 0, 0, -10, 0, 0, -6, -10,
    -6, -25, -25, -10, -17, 0, -48, 0,
    0, 0, -40, 0, -6, 0, 0, 0,
    -29, 0, -2, 0, -10, 0, -10, 0,
    -2, 0, 0, -2, -2, -2, -2, 0,
    -38, 0, -29, -29, -27, -20, -27, 0,
    -13, -17, 0, -13, -25, -29, -29, -17,
    -29, -13, -33, -36, -36, -38, -36, -25,
    0, 0, 0, 0, 0, 0, 0, 0,
    0, 0, 0, 0, 0, 0, 0, 0,
    0, 0, 0, -13, 0, -13, 0, 0,
    -17, 0, 0, 0, 0, 0, 0, 0,
    0, 0, 0, 0, 0, 0, 0, 0,
    0, 0, 0, 0, 0, -13, 0, 0,
    -13, 0, 0, 0, 0, 0, 0, 0,
    0, 0, 0, 0, 0, 0, 0, 0,
    0, 0, 0, 0, 0, 0, 0, 0,
    0, 0, 0, -10, 0, 0, 0, 0,
    0, 0, 0, 0, 0, 0, 0, 0,
    0, 0, 0, 0, 0, 0, 0, 0,
    0, 0, -13, 0, 0, 0, 0, 0,
    0, 0, 0, 0, 0, 0, 0, 0,
    0, 0, 0, 0, 0, 0, 0, 0,
    0, 0, 0, 0, 0, 0, 0, 0,
    0, 0, 0, 0, 0, 0, 0, 0,
    0, 0, 0, 0, 0, 0, 0, 0,
    0, -10, -10, -10, -13, 0, -17, 0,
    0, 0, -21, 0, -12, 0, 0, 0,
    -2, 0, 0, 0, 0, 0, 0, 0,
    0, 0, 0, 0, 0, 0, 0, -10,
    0, 0, 0, 0, 0, 0, 0, 0,
    0, 0, 0, 0, 0, 0, 0, 0,
    0, -12, 0, -13, 0, 0, 0, 0,
    -17, 0, 0, 0, -17, 0, -33, 0,
    0, 0, -13, 0, 0, -13, -33, 0,
    -33, 0, -13, -13, -12, -13, -12, -13,
    -25, -10, -25, -10, -33, -33, 0, -25,
    0, -10, -13, -17, 0, -10, -10, -33,
    -17, -17, -25, -25, -21, -40, -36, -25,
    -40, -21, 0, 0, 0, 0, -6, 0,
    -21, 0, -6, 0, 0, 0, 0, 0,
    -21, 0, -21, 0, 0, -33, -13, -48,
    -36, -10, -48, -6, -2, 0, -10, -10,
    -15, -10, 0, 0, 0, 0, 0, 0,
    0, -15, 0, 0, -10, -25, 0, -36,
    -36, 0, -29, 0, 0, 0, 0, 0,
    -10, 0, -13, 0, 0, 0, 0, 0,
    0, 0, 0, 0, 0, 0, 0, -6,
    0, -13, -13, -13, -13, 0, 0, 0,
    0, 0, 0, 0, 0, 0, 0, -6,
    0, 0, 0, 0, 0, 0, 0, 0,
    0, 0, 0, 0, 0, 0, 0, 0,
    0, 0, 0, 0, 0, 0, 0, 0,
    0, 0, 0, 0, 0, 0, 0, 0,
    0, 0, 0, 0, 0, 0, -17, 0,
    0, 0, 0, 0, 0, 0, 0, 0,
    0, -6, 0, 0, 0, 0, 0, 0,
    0, 0, 0, -17, -17, -17, -17, 0,
    -2, 0, 0, 0, -25, 0, -6, 0,
    0, 0, -10, 0, 0, 0, -2, 0,
    0, 0, -10, -21, 0, -25, -25, -29,
    -33, -13, -6, 0, -6, -6, -6, -6,
    0, 0, 0, -13, 0, 0, 0, -6,
    0, 0, -10, -13, 0, -17, -17, -17,
    -17, 0, -36, 0, 0, 0, -38, 0,
    -10, 0, 0, 0, -29, 0, 0, 0,
    -6, -6, -6, 0, -10, -10, 0, -17,
    -13, -21, -21, -13, -21, 0, -21, -21,
    -21, 0, -21, 0, 0, -25, 0, 0,
    0, -21, 0, 0, -17, -13, -13, -17,
    -17, -17, -17, -17, 0, 0, 0, 0,
    -25, 0, -6, 0, 0, 0, -10, 0,
    0, 0, 0, 0, 0, 0, -10, -21,
    0, -25, -25, -29, -33, -13, -6, 0,
    -6, -6, -6, -6, 0, 0, 0, -13,
    0, 0, 0, -6, 0, 0, -10, -13,
    0, -17, -17, -17, -17, 0, -13, 0,
    0, 0, -17, 0, -6, 0, 0, 0,
    -6, 0, 0, 0, -6, 0, -6, 0,
    0, -13, 0, -25, -12, -10, -25, -10,
    -15, 0, -15, -15, -15, 0, -15, 0,
    0, 0, 0, 0, 0, -15, 0, 0,
    -13, -13, -13, -21, -21, -17, -21, -17,
    0, 0, 0, 0, -17, 0, -10, 0,
    0, 0, -10, 0, 0, 0, 0, 0,
    0, 0, -13, -10, 0, -17, -17, -10,
    -25, -10, -6, 0, -6, -6, 0, -17,
    0, 0, 0, 0, 0, 0, 0, -6,
    0, 0, -6, -13, -6, -17, -17, -17,
    -17, -6, -36, 0, 0, 0, -48, 0,
    -21, 0, 0, 0, -38, 0, -6, 0,
    -21, 0, -21, 0, -10, 13, 0, 0,
    -6, -10, -4, -6, -44, -10, -44, -44,
    -44, -25, -44, 0, -10, -6, -6, -10,
    -40, -44, -33, -29, -44, -25, -36, -44,
    -44, -44, -48, -44, 0, 0, 0, 0,
    -25, 0, 0, 0, 0, 0, -6, 0,
    0, 0, 0, 0, 0, 0, 0, 0,
    0, 0, 0, -10, -13, -10, -17, 0,
    -17, -17, 0, 0, 0, 0, 0, -13,
    0, 0, 0, -10, 0, 0, -13, 0,
    -6, -17, -17, -17, -17, -13, -36, 0,
    0, 0, -52, -8, -25, 0, 0, 0,
    -40, 0, -13, 0, -25, 0, -25, -13,
    -29, 0, 0, 0, -13, -10, -13, -10,
    -40, -13, -40, -40, -40, -17, -40, -13,
    -25, -25, -13, -13, -33, -40, -33, -33,
    -36, -29, -33, -40, -40, -40, -40, -40,
    -36, 0, 0, 0, -40, 0, -25, 0,
    0, 0, -29, 0, -13, 0, -25, 0,
    -25, -13, -17, -6, 0, -13, -6, -13,
    -13, -10, -29, 0, -29, -29, -29, -25,
    -29, -13, -13, -25, 0, 0, -13, -29,
    -25, -17, -25, -25, -21, -25, -25, -33,
    -25, -25, -10, 0, 0, 0, -17, 0,
    -29, 0, 0, 0, -10, 0, -13, 0,
    -29, 0, -29, -10, -17, 0, -10, -10,
    -13, 0, -13, -13, -25, -10, -25, -25,
    -25, -25, 0, 0, -10, 0, 0, -10,
    -10, -25, -10, -17, -25, -25, -17, -46,
    -36, -17, -33, -25, -63, 0, 0, 0,
    -52, 0, -33, 0, 0, 0, -48, -13,
    -13, -17, -33, -10, -33, -10, -25, -10,
    0, -13, -13, -13, -13, -13, -48, 0,
    -52, -48, -52, -36, -52, -17, -21, -25,
    0, 0, -29, -56, -40, -36, -48, -25,
    -40, -48, -48, -48, -40, -40, 0, 0,
    0, 0, -10, 0, -17, 0, 0, 0,
    0, 0, 0, -13, -13, 0, -13, 0,
    -2, -6, -13, -10, -13, -13, -10, -6,
    -17, 0, -17, -17, -17, -25, 0, 0,
    0, -17, 0, 0, 0, -17, 0, 0,
    -10, -25, 0, -25, -25, -17, -29, 0,
    -17, 0, 0, 0, 0, 0, 0, 0,
    0, 0, 0, 0, 0, 0, 0, 0,
    0, 0, 0, -36, 0, -25, -13, 0,
    -38, 0, 0, 0, -8, 0, 0, 0,
    0, 0, 0, 0, 0, 0, 0, -10,
    0, 0, -6, -10, 0, -17, -21, -10,
    -17, 0, -17, 0, 0, 0, -17, 0,
    0, -12, 0, 0, -17, 0, 0, 0,
    0, 0, 0, 0, 0, -36, 0, -36,
    -25, -29, -52, 0, -10, 0, -6, -10,
    0, -13, 0, 0, 0, -6, 0, 0,
    0, -10, 0, 0, -6, -13, -10, -25,
    -25, -25, -25, -13, -2, 0, 0, 0,
    -13, 0, 0, 0, 0, 0, 0, 0,
    0, 0, 0, 0, 0, 0, 0, -36,
    0, -25, -17, -17, -29, 0, -2, 0,
    -6, -6, 0, 0, 0, 0, 0, 0,
    0, 0, 0, -6, 0, 0, -2, 0,
    0, -17, -13, -10, -10, 0, 0, 0,
    0, 0, 0, 0, 0, 0, 0, 0,
    0, 0, 0, 0, 0, 0, 0, 0,
    0, -10, 0, 0, 0, 0, -13, 0,
    -6, 0, 0, -6, 0, 0, 0, 0,
    0, -10, 0, 0, 0, -6, 0, 0,
    0, 0, 0, -10, -10, -13, -17, 0,
    0, 0, 0, 0, 0, 0, 0, 0,
    0, 0, -15, 0, 0, 0, 0, 0,
    0, 0, 0, -36, 0, -25, -25, -17,
    -29, 0, 0, 0, 0, 0, 0, 0,
    0, 0, 0, 0, 0, 0, 0, 0,
    0, 0, 0, 0, 0, -15, -12, -8,
    -12, 0, -29, 0, 0, 0, -29, 0,
    0, 0, 0, 0, -40, 0, 0, 0,
    0, 0, 0, 0, 0, 0, 0, 0,
    0, 0, 0, 0, -25, 0, -17, -25,
    0, -10, 0, 0, -2, -13, 0, -10,
    -6, -13, -13, -2, -10, -13, -21, -17,
    -25, -25, -17, -13, 0, 0, 0, 0,
    0, 0, 0, 0, 0, 0, 0, 0,
    0, 0, 0, 0, 0, 0, 0, -29,
    0, -13, 0, 0, -36, 0, 0, 0,
    0, 0, 0, 0, 0, 0, 0, 0,
    0, 0, 0, -10, 0, 0, 0, 0,
    0, -17, -21, -13, -13, 0, 0, 0,
    0, 0, 0, 0, 0, 0, 0, 0,
    0, 0, 0, 0, 0, 0, 0, 0,
    0, -40, 0, -25, -13, -10, -36, 0,
    -6, 0, 0, 0, 0, 0, 0, 0,
    0, 0, 0, 0, 0, -6, 0, 0,
    0, 0, 0, -17, -10, -17, -17, 0,
    0, 0, 0, 0, 0, 0, 0, 0,
    0, 0, 0, 0, 0, 0, 0, 0,
    0, 0, 0, -10, 0, 0, -13, -10,
    -21, 0, 0, 0, 0, 0, 0, 0,
    0, 0, 0, 0, 0, 0, 0, 0,
    0, 0, 0, 0, 0, 0, 0, 0,
    0, 0, 0, 0, 0, 0, 0, 0,
    0, 0, 0, 0, 0, 0, 0, 0,
    0, 0, 0, 0, 0, 0, 0, -21,
    -12, 0, -17, 0, 0, 0, 0, 0,
    0, 0, 0, 0, 0, 0, 0, 0,
    0, 0, 0, 0, 0, 0, 0, -17,
    0, 0, 0, 0, -17, 0, 0, 0,
    -10, 0, 0, 0, 0, 0, -17, 0,
    0, 0, -17, 0, -17, 0, -13, -33,
    0, -33, -12, 0, -25, 0, -21, 0,
    -25, -25, 0, 0, -19, 0, 0, -13,
    0, 0, 0, -25, 0, 0, -13, -10,
    -13, -17, -17, -17, -17, -10, 0, 0,
    0, 0, 0, 0, 0, 0, 0, 0,
    0, 0, 0, 0, 0, 0, 0, 0,
    0, -10, 0, -13, 0, -10, 0, 0,
    0, 0, 0, 0, 0, 0, 0, 0,
    0, 0, 0, 0, 0, 0, 0, 0,
    0, 0, 0, 0, 0, 0, 0, 0,
    -17, 0, 0, 0, -25, 0, 0, 0,
    0, 0, -13, 0, 0, 0, -6, 0,
    -6, 0, -10, -44, 0, -40, -29, -25,
    -56, 0, -10, -6, -6, -6, 0, -13,
    0, 0, 0, -6, 0, 0, 0, -10,
    0, 0, -10, -6, 0, -25, -25, -25,
    -25, -17, 0, 0, 0, 0, -17, 0,
    0, -12, 0, 0, -17, 0, 0, 0,
    0, 0, 0, 0, 0, -36, 0, -36,
    -25, -29, -52, 0, -10, 0, -6, -10,
    0, -13, 0, 0, 0, -6, 0, 0,
    0, -10, 0, 0, -6, -13, -10, -25,
    -25, -25, -25, -13, 0, 0, 0, 0,
    0, 0, 0, 0, 0, 0, 0, 0,
    0, 0, 0, 0, 0, 0, 0, -44,
    0, -25, 0, 0, -25, 0, 0, 0,
    -6, 0, 0, 0, 0, 0, 0, 0,
    0, 0, 0, 0, 0, 0, 0, 0,
    0, -13, -13, -13, -13, 0, -36, 0,
    0, 0, -25, 0, 0, 0, 0, 0,
    -33, 0, 0, 0, 0, 0, 0, 0,
    0, -29, 0, -21, -13, -23, -36, -13,
    -17, 0, -2, -6, -12, -2, -15, 0,
    0, -6, 0, 0, 0, -6, 0, -2,
    -6, 0, -2, -2, -2, -2, -6, -2,
    0, 0, 0, 0, -13, 0, 0, 0,
    0, 0, -10, 0, 0, 0, 0, 0,
    0, 0, 0, -40, 0, -25, -17, -21,
    -40, 0, -6, 0, -10, -6, 0, 0,
    0, 0, 0, 0, 0, 0, 0, -6,
    0, 0, -10, -6, 0, -17, -17, -25,
    -21, 0, 0, 0, 0, 0, 0, 0,
    0, 0, 0, 0, 0, 0, 0, 0,
    -13, 0, -13, 0, 0, -25, 0, -25,
    -21, -13, -29, 0, -6, 0, -2, -10,
    0, -10, -12, 0, 0, -2, 0, 0,
    0, -2, 0, 0, -8, -10, -2, -13,
    -10, -6, -15, 0, 0, 0, 0, 0,
    0, 0, 0, 0, 0, 0, 0, 0,
    0, 0, 0, 0, 0, 0, 0, -25,
    0, -17, -17, 0, -29, 0, -6, 0,
    0, 0, 0, 0, 0, 0, 0, 0,
    0, 0, 0, 0, 0, 0, 0, 0,
    0, -10, -10, -13, -13, 0, -36, 0,
    0, 0, -33, -13, 0, -17, 0, -10,
    -36, 0, 0, -17, -17, 0, -17, 0,
    -13, -44, -17, -40, -25, -40, -48, -25,
    -17, 0, -25, -25, -15, -13, -15, 0,
    0, -10, 0, 0, -10, -25, -13, 0,
    -17, -10, -10, -10, -17, -17, -17, -17,
    -36, 0, 0, 0, -33, -13, 0, -17,
    0, -10, -33, 0, 0, -17, -17, 0,
    -17, 0, -17, -44, -17, -40, -25, -36,
    -48, -25, -21, 0, -25, -25, -12, -17,
    -15, 0, 0, -10, 0, 0, -10, -25,
    -10, -6, -17, -6, -13, -10, -13, -25,
    -17, -10, -17, 0, 0, 0, -17, -13,
    0, -17, 0, -10, -25, 0, 0, -17,
    -17, 0, -17, 0, -17, -44, -17, -40,
    -33, -17, -48, -17, -17, 0, -25, -25,
    -8, 0, -15, 0, 0, 0, 0, 0,
    0, -25, 0, 0, -17, -10, -13, -17,
    -17, -10, -13, -13, -25, 0, 0, 0,
    -29, -17, 0, 0, 0, -10, -36, 0,
    0, -17, -17, 0, -17, 0, -17, -48,
    -17, -40, -25, -33, -40, -33, -25, 0,
    -17, -21, -12, -2, -15, 0, 0, -6,
    0, 0, 0, -25, -10, 0, -17, 0,
    -10, -17, -10, -13, -10, -13, -6, 0,
    0, 0, -13, 0, 0, 0, 0, 0,
    -2, 0, 0, 0, 0, 0, 0, 0,
    0, -44, -13, -40, -25, -25, -40, 0,
    -10, 0, -10, -21, 0, 0, 0, 0,
    0, 0, 0, 0, 0, -17, 0, 0,
    -10, -6, -10, -17, -10, -13, -13, -10
};


/*Collect the kern class' data in one place*/
static const lv_font_fmt_txt_kern_classes_t kern_classes =
{
    .class_pair_values   = kern_class_values,
    .left_class_mapping  = kern_left_class_mapping,
    .right_class_mapping = kern_right_class_mapping,
    .left_class_cnt      = 56,
    .right_class_cnt     = 50,
};

/*--------------------
 *  ALL CUSTOM DATA
 *--------------------*/

#if LVGL_VERSION_MAJOR == 8
/*Store all the custom data of the font*/
static  lv_font_fmt_txt_glyph_cache_t cache;
#endif

#if LVGL_VERSION_MAJOR >= 8
static const lv_font_fmt_txt_dsc_t font_dsc = {
#else
static lv_font_fmt_txt_dsc_t font_dsc = {
#endif
    .glyph_bitmap = glyph_bitmap,
    .glyph_dsc = glyph_dsc,
    .cmaps = cmaps,
    .kern_dsc = &kern_classes,
    .kern_scale = 16,
    .cmap_num = 3,
    .bpp = 4,
    .kern_classes = 1,
    .bitmap_format = 1,
#if LVGL_VERSION_MAJOR == 8
    .cache = &cache
#endif
};



/*-----------------
 *  PUBLIC FONT
 *----------------*/

/*Initialize a public general font descriptor*/
#if LVGL_VERSION_MAJOR >= 8
const lv_font_t lv_font_prompt_24 = {
#else
lv_font_t lv_font_prompt_24 = {
#endif
    .get_glyph_dsc = lv_font_get_glyph_dsc_fmt_txt,    /*Function pointer to get glyph's data*/
    .get_glyph_bitmap = lv_font_get_bitmap_fmt_txt,    /*Function pointer to get glyph's bitmap*/
    .line_height = 28,          /*The maximum line height required by the font*/
    .base_line = 7,             /*Baseline measured from the bottom of the line*/
#if !(LVGL_VERSION_MAJOR == 6 && LVGL_VERSION_MINOR == 0)
    .subpx = LV_FONT_SUBPX_NONE,
#endif
#if LV_VERSION_CHECK(7, 4, 0) || LVGL_VERSION_MAJOR >= 8
    .underline_position = -2,
    .underline_thickness = 1,
#endif
    .dsc = &font_dsc,          /*The custom font data. Will be accessed by `get_glyph_bitmap/dsc` */
#if LV_VERSION_CHECK(8, 2, 0) || LVGL_VERSION_MAJOR >= 9
    .fallback = NULL,
#endif
    .user_data = NULL,
};



#endif /*#if LV_FONT_PROMPT_24*/

